-- --------------------------------------------------------
-- Host:                         192.168.1.55
-- Versión del servidor:         10.3.32-MariaDB - Source distribution
-- SO del servidor:              Linux
-- HeidiSQL Versión:             12.5.0.6677
-- --------------------------------------------------------

/*!40101 SET @OLD_CHARACTER_SET_CLIENT=@@CHARACTER_SET_CLIENT */;
/*!40101 SET NAMES utf8 */;
/*!50503 SET NAMES utf8mb4 */;
/*!40103 SET @OLD_TIME_ZONE=@@TIME_ZONE */;
/*!40103 SET TIME_ZONE='+00:00' */;
/*!40014 SET @OLD_FOREIGN_KEY_CHECKS=@@FOREIGN_KEY_CHECKS, FOREIGN_KEY_CHECKS=0 */;
/*!40101 SET @OLD_SQL_MODE=@@SQL_MODE, SQL_MODE='NO_AUTO_VALUE_ON_ZERO' */;
/*!40111 SET @OLD_SQL_NOTES=@@SQL_NOTES, SQL_NOTES=0 */;


-- Volcando estructura de base de datos para coleccion
CREATE DATABASE IF NOT EXISTS `coleccion` /*!40100 DEFAULT CHARACTER SET utf8 */;
USE `coleccion`;

-- Volcando estructura para tabla coleccion.COLECCION
CREATE TABLE IF NOT EXISTS `COLECCION` (
  `ID` int(11) NOT NULL AUTO_INCREMENT,
  `JUEGO_ID` int(11) NOT NULL,
  `PLATAFORMA_ID` int(11) NOT NULL,
  `IDIOMA_ID` int(11) DEFAULT NULL,
  `REGION_ID` int(11) DEFAULT NULL,
  `ESTADO_GENERAL_ID` int(11) NOT NULL,
  `ESTADO_CAJA_ID` int(11) NOT NULL,
  `FECHA_COMPRA` date DEFAULT NULL,
  `FECHA_RECIBO` date DEFAULT NULL,
  `COSTE` decimal(20,6) DEFAULT NULL,
  `TIENDA_ID` int(11) DEFAULT NULL,
  `NOTAS` varchar(500) DEFAULT NULL,
  `FECHA_INS` datetime DEFAULT current_timestamp(),
  PRIMARY KEY (`ID`),
  KEY `JUEGO_ID_C_FK` (`JUEGO_ID`),
  KEY `PLATAFORMA_ID_C_FK` (`PLATAFORMA_ID`),
  KEY `IDIOMA_ID_C_FK` (`IDIOMA_ID`),
  KEY `REGION_ID_C_FK` (`REGION_ID`),
  KEY `ESTADO_GEN_ID_C_FK` (`ESTADO_GENERAL_ID`),
  KEY `TIENDA_ID_C_FK` (`TIENDA_ID`),
  KEY `ESTADO_CAJ_ID_C_FK` (`ESTADO_CAJA_ID`),
  CONSTRAINT `ESTADO_CAJ_ID_C_FK` FOREIGN KEY (`ESTADO_CAJA_ID`) REFERENCES `ESTADO` (`ID`) ON DELETE NO ACTION ON UPDATE NO ACTION,
  CONSTRAINT `ESTADO_GEN_ID_C_FK` FOREIGN KEY (`ESTADO_GENERAL_ID`) REFERENCES `ESTADO` (`ID`) ON DELETE NO ACTION ON UPDATE NO ACTION,
  CONSTRAINT `IDIOMA_ID_C_FK` FOREIGN KEY (`IDIOMA_ID`) REFERENCES `IDIOMA` (`ID`) ON DELETE NO ACTION ON UPDATE NO ACTION,
  CONSTRAINT `JUEGO_ID_C_FK` FOREIGN KEY (`JUEGO_ID`) REFERENCES `JUEGO` (`ID`) ON DELETE NO ACTION ON UPDATE NO ACTION,
  CONSTRAINT `PLATAFORMA_ID_C_FK` FOREIGN KEY (`PLATAFORMA_ID`) REFERENCES `PLATAFORMA` (`ID`) ON DELETE NO ACTION ON UPDATE NO ACTION,
  CONSTRAINT `REGION_ID_C_FK` FOREIGN KEY (`REGION_ID`) REFERENCES `REGION` (`ID`) ON DELETE NO ACTION ON UPDATE NO ACTION,
  CONSTRAINT `TIENDA_ID_C_FK` FOREIGN KEY (`TIENDA_ID`) REFERENCES `TIENDA` (`ID`) ON DELETE NO ACTION ON UPDATE NO ACTION
) ENGINE=InnoDB AUTO_INCREMENT=469 DEFAULT CHARSET=utf8;

-- Volcando datos para la tabla coleccion.COLECCION: ~462 rows (aproximadamente)
DELETE FROM `COLECCION`;
INSERT INTO `COLECCION` (`ID`, `JUEGO_ID`, `PLATAFORMA_ID`, `IDIOMA_ID`, `REGION_ID`, `ESTADO_GENERAL_ID`, `ESTADO_CAJA_ID`, `FECHA_COMPRA`, `FECHA_RECIBO`, `COSTE`, `TIENDA_ID`, `NOTAS`, `FECHA_INS`) VALUES
	(1, 2, 6, NULL, NULL, 1, 5, NULL, NULL, NULL, NULL, NULL, '2023-07-16 22:57:07'),
	(2, 2, 6, NULL, NULL, 2, 5, NULL, NULL, NULL, NULL, NULL, '2023-07-16 22:57:07'),
	(3, 3, 8, 6, NULL, 2, 5, NULL, NULL, NULL, NULL, NULL, '2023-07-16 22:57:07'),
	(4, 3, 8, 6, NULL, 4, 8, '2022-08-02', NULL, 52.500000, NULL, NULL, '2023-07-16 22:57:07'),
	(5, 4, 6, NULL, NULL, 1, 5, NULL, NULL, NULL, NULL, NULL, '2023-07-16 22:57:07'),
	(6, 5, 6, NULL, NULL, 1, 5, NULL, NULL, NULL, NULL, NULL, '2023-07-16 22:57:07'),
	(7, 6, 8, 6, NULL, 4, 8, '2022-08-02', NULL, 52.500000, NULL, NULL, '2023-07-16 22:57:07'),
	(8, 7, 9, NULL, NULL, 3, 5, NULL, NULL, NULL, NULL, NULL, '2023-07-16 22:57:07'),
	(9, 8, 8, NULL, NULL, 1, 5, NULL, NULL, NULL, NULL, NULL, '2023-07-16 22:57:07'),
	(10, 8, 8, NULL, NULL, 2, 5, NULL, NULL, NULL, NULL, NULL, '2023-07-16 22:57:07'),
	(11, 9, 9, NULL, NULL, 3, 5, NULL, NULL, NULL, NULL, NULL, '2023-07-16 22:57:07'),
	(12, 10, 8, NULL, NULL, 1, 5, NULL, NULL, NULL, NULL, NULL, '2023-07-16 22:57:07'),
	(13, 10, 8, NULL, NULL, 2, 5, NULL, NULL, NULL, NULL, NULL, '2023-07-16 22:57:07'),
	(14, 11, 9, NULL, NULL, 3, 5, NULL, NULL, NULL, NULL, NULL, '2023-07-16 22:57:07'),
	(15, 12, 8, NULL, NULL, 1, 5, NULL, NULL, NULL, NULL, NULL, '2023-07-16 22:57:07'),
	(16, 13, 8, NULL, NULL, 1, 5, NULL, NULL, NULL, NULL, NULL, '2023-07-16 22:57:07'),
	(17, 13, 8, NULL, NULL, 2, 5, NULL, NULL, NULL, NULL, NULL, '2023-07-16 22:57:07'),
	(18, 14, 8, NULL, NULL, 1, 5, NULL, NULL, NULL, NULL, NULL, '2023-07-16 22:57:07'),
	(19, 14, 8, NULL, NULL, 2, 5, NULL, NULL, NULL, NULL, NULL, '2023-07-16 22:57:07'),
	(20, 15, 8, NULL, NULL, 3, 5, NULL, NULL, NULL, NULL, NULL, '2023-07-16 22:57:07'),
	(21, 16, 8, NULL, NULL, 3, 5, NULL, NULL, NULL, NULL, NULL, '2023-07-16 22:57:07'),
	(22, 17, 9, NULL, NULL, 3, 5, NULL, NULL, NULL, NULL, NULL, '2023-07-16 22:57:07'),
	(23, 18, 8, NULL, NULL, 1, 5, NULL, NULL, NULL, NULL, NULL, '2023-07-16 22:57:07'),
	(24, 18, 8, NULL, NULL, 2, 5, NULL, NULL, NULL, NULL, NULL, '2023-07-16 22:57:07'),
	(25, 19, 7, NULL, NULL, 1, 5, NULL, NULL, NULL, NULL, NULL, '2023-07-16 22:57:07'),
	(26, 19, 7, NULL, NULL, 2, 5, NULL, NULL, NULL, NULL, NULL, '2023-07-16 22:57:07'),
	(27, 20, 7, NULL, NULL, 1, 5, NULL, NULL, NULL, NULL, NULL, '2023-07-16 22:57:07'),
	(28, 21, 7, NULL, NULL, 3, 5, NULL, NULL, NULL, NULL, NULL, '2023-07-16 22:57:07'),
	(29, 22, 5, NULL, NULL, 3, 5, NULL, NULL, NULL, NULL, NULL, '2023-07-16 22:57:07'),
	(30, 23, 5, NULL, NULL, 3, 5, NULL, NULL, NULL, NULL, NULL, '2023-07-16 22:57:07'),
	(31, 24, 5, NULL, NULL, 3, 5, NULL, NULL, NULL, NULL, NULL, '2023-07-16 22:57:07'),
	(32, 25, 7, NULL, NULL, 1, 5, NULL, NULL, NULL, NULL, NULL, '2023-07-16 22:57:07'),
	(33, 25, 7, NULL, NULL, 2, 5, NULL, NULL, NULL, NULL, NULL, '2023-07-16 22:57:07'),
	(34, 26, 7, NULL, NULL, 1, 5, NULL, NULL, NULL, NULL, NULL, '2023-07-16 22:57:07'),
	(35, 26, 7, NULL, NULL, 2, 5, NULL, NULL, NULL, NULL, NULL, '2023-07-16 22:57:07'),
	(36, 27, 4, NULL, NULL, 3, 5, NULL, NULL, NULL, NULL, NULL, '2023-07-16 22:57:07'),
	(37, 28, 7, NULL, NULL, 1, 5, NULL, NULL, NULL, NULL, NULL, '2023-07-16 22:57:07'),
	(38, 29, 5, NULL, NULL, 3, 5, NULL, NULL, NULL, NULL, NULL, '2023-07-16 22:57:07'),
	(39, 30, 4, NULL, NULL, 3, 5, NULL, NULL, NULL, NULL, NULL, '2023-07-16 22:57:07'),
	(40, 31, 4, NULL, NULL, 1, 5, NULL, NULL, NULL, NULL, NULL, '2023-07-16 22:57:07'),
	(41, 32, 4, NULL, NULL, 1, 5, NULL, NULL, NULL, NULL, NULL, '2023-07-16 22:57:07'),
	(42, 33, 4, NULL, NULL, 3, 5, NULL, NULL, NULL, NULL, NULL, '2023-07-16 22:57:07'),
	(43, 34, 3, NULL, NULL, 3, 5, NULL, NULL, NULL, NULL, NULL, '2023-07-16 22:57:07'),
	(44, 35, 4, 1, NULL, 4, 10, '2023-02-06', NULL, 33.300000, NULL, NULL, '2023-07-16 22:57:07'),
	(45, 36, 4, NULL, NULL, 1, 5, NULL, NULL, NULL, NULL, NULL, '2023-07-16 22:57:07'),
	(46, 37, 16, NULL, NULL, 3, 5, NULL, NULL, NULL, NULL, NULL, '2023-07-16 22:57:07'),
	(47, 38, 9, NULL, NULL, 3, 5, NULL, NULL, NULL, NULL, NULL, '2023-07-16 22:57:07'),
	(48, 39, 4, NULL, NULL, 1, 5, NULL, NULL, NULL, NULL, NULL, '2023-07-16 22:57:07'),
	(49, 40, 4, NULL, NULL, 1, 5, NULL, NULL, NULL, NULL, NULL, '2023-07-16 22:57:07'),
	(50, 41, 16, NULL, NULL, 3, 5, NULL, NULL, NULL, NULL, NULL, '2023-07-16 22:57:07'),
	(51, 42, 4, NULL, NULL, 3, 5, NULL, NULL, NULL, NULL, NULL, '2023-07-16 22:57:07'),
	(52, 43, 4, NULL, NULL, 1, 5, NULL, NULL, NULL, NULL, NULL, '2023-07-16 22:57:07'),
	(53, 44, 16, NULL, NULL, 3, 5, NULL, NULL, NULL, NULL, NULL, '2023-07-16 22:57:07'),
	(54, 45, 16, NULL, NULL, 3, 5, NULL, NULL, NULL, NULL, NULL, '2023-07-16 22:57:07'),
	(55, 46, 16, NULL, NULL, 3, 5, NULL, NULL, NULL, NULL, NULL, '2023-07-16 22:57:07'),
	(56, 47, 4, NULL, NULL, 1, 5, NULL, NULL, NULL, NULL, NULL, '2023-07-16 22:57:07'),
	(57, 48, 16, NULL, NULL, 3, 5, NULL, NULL, NULL, NULL, NULL, '2023-07-16 22:57:07'),
	(58, 49, 4, NULL, NULL, 1, 5, NULL, NULL, NULL, NULL, NULL, '2023-07-16 22:57:07'),
	(59, 50, 4, NULL, NULL, 17, 11, '2022-07-20', NULL, 156.010000, NULL, 'Falta insert (cartón separador)', '2023-07-16 22:57:07'),
	(60, 51, 16, NULL, NULL, 3, 5, NULL, NULL, NULL, NULL, NULL, '2023-07-16 22:57:07'),
	(61, 52, 4, NULL, NULL, 3, 5, NULL, NULL, NULL, NULL, NULL, '2023-07-16 22:57:07'),
	(62, 53, 4, 1, NULL, 4, 8, '2023-02-06', NULL, 53.300000, NULL, NULL, '2023-07-16 22:57:07'),
	(63, 54, 4, NULL, NULL, 1, 5, NULL, NULL, NULL, NULL, NULL, '2023-07-16 22:57:07'),
	(64, 55, 1, NULL, NULL, 3, 5, NULL, NULL, NULL, NULL, NULL, '2023-07-16 22:57:07'),
	(65, 56, 10, NULL, NULL, 3, 5, NULL, NULL, NULL, NULL, NULL, '2023-07-16 22:57:07'),
	(66, 57, 1, NULL, NULL, 3, 5, NULL, NULL, NULL, NULL, NULL, '2023-07-16 22:57:07'),
	(67, 58, 1, NULL, NULL, 3, 5, NULL, NULL, NULL, NULL, NULL, '2023-07-16 22:57:07'),
	(68, 59, 16, NULL, NULL, 3, 5, NULL, NULL, NULL, NULL, NULL, '2023-07-16 22:57:07'),
	(69, 60, 4, NULL, NULL, 3, 5, NULL, NULL, NULL, NULL, NULL, '2023-07-16 22:57:07'),
	(70, 61, 4, NULL, NULL, 3, 5, NULL, NULL, NULL, NULL, NULL, '2023-07-16 22:57:07'),
	(71, 62, 4, NULL, NULL, 1, 5, NULL, NULL, NULL, NULL, NULL, '2023-07-16 22:57:07'),
	(72, 63, 4, 1, NULL, 4, 8, '2023-02-06', NULL, 88.300000, NULL, NULL, '2023-07-16 22:57:07'),
	(73, 64, 1, NULL, NULL, 3, 5, NULL, NULL, NULL, NULL, NULL, '2023-07-16 22:57:07'),
	(74, 65, 1, NULL, NULL, 1, 5, NULL, NULL, NULL, NULL, NULL, '2023-07-16 22:57:07'),
	(75, 66, 1, NULL, NULL, 3, 5, NULL, NULL, NULL, NULL, NULL, '2023-07-16 22:57:07'),
	(76, 67, 17, NULL, NULL, 3, 5, NULL, NULL, NULL, NULL, NULL, '2023-07-16 22:57:07'),
	(77, 68, 1, NULL, NULL, 4, 12, NULL, NULL, NULL, NULL, NULL, '2023-07-16 22:57:07'),
	(78, 69, 1, NULL, NULL, 4, 12, NULL, NULL, NULL, NULL, NULL, '2023-07-16 22:57:07'),
	(79, 70, 1, NULL, NULL, 3, 5, NULL, NULL, NULL, NULL, NULL, '2023-07-16 22:57:07'),
	(80, 71, 1, NULL, NULL, 3, 5, NULL, NULL, NULL, NULL, NULL, '2023-07-16 22:57:07'),
	(81, 72, 1, NULL, NULL, 4, 12, NULL, NULL, NULL, NULL, NULL, '2023-07-16 22:57:07'),
	(82, 73, 1, NULL, NULL, 4, 12, NULL, NULL, NULL, NULL, NULL, '2023-07-16 22:57:07'),
	(83, 74, 1, NULL, NULL, 3, 5, NULL, NULL, NULL, NULL, NULL, '2023-07-16 22:57:07'),
	(84, 75, 1, NULL, NULL, 3, 5, NULL, NULL, NULL, NULL, NULL, '2023-07-16 22:57:07'),
	(85, 76, 17, NULL, NULL, 3, 5, NULL, NULL, NULL, NULL, NULL, '2023-07-16 22:57:07'),
	(86, 77, 2, NULL, NULL, 3, 5, NULL, NULL, NULL, NULL, NULL, '2023-07-16 22:57:07'),
	(87, 78, 2, NULL, NULL, 3, 5, NULL, NULL, NULL, NULL, NULL, '2023-07-16 22:57:07'),
	(88, 79, 2, NULL, NULL, 3, 5, NULL, NULL, NULL, NULL, NULL, '2023-07-16 22:57:07'),
	(89, 80, 1, NULL, NULL, 3, 5, NULL, NULL, NULL, NULL, NULL, '2023-07-16 22:57:07'),
	(90, 81, 1, NULL, NULL, 1, 5, NULL, NULL, NULL, NULL, NULL, '2023-07-16 22:57:07'),
	(91, 82, 17, NULL, NULL, 1, 5, NULL, NULL, NULL, NULL, NULL, '2023-07-16 22:57:07'),
	(92, 83, 2, NULL, NULL, 3, 5, NULL, NULL, NULL, NULL, NULL, '2023-07-16 22:57:07'),
	(93, 84, 2, NULL, NULL, 3, 5, NULL, NULL, NULL, NULL, NULL, '2023-07-16 22:57:07'),
	(94, 85, 1, NULL, NULL, 4, 12, NULL, NULL, NULL, NULL, NULL, '2023-07-16 22:57:07'),
	(95, 86, 1, NULL, NULL, 4, 12, '2016-10-19', NULL, 34.990000, 1, NULL, '2023-07-16 22:57:07'),
	(96, 87, 2, NULL, NULL, 3, 5, NULL, NULL, NULL, NULL, NULL, '2023-07-16 22:57:07'),
	(97, 88, 2, NULL, NULL, 3, 5, NULL, NULL, NULL, NULL, NULL, '2023-07-16 22:57:07'),
	(98, 89, 1, NULL, NULL, 3, 5, NULL, NULL, NULL, NULL, 'Solo trae el código de eShop', '2023-07-16 22:57:07'),
	(99, 90, 1, NULL, NULL, 4, 8, '2017-09-21', NULL, 9.990000, 1, 'Solo trae el código de eShop', '2023-07-16 22:57:07'),
	(100, 91, 2, NULL, NULL, 3, 5, NULL, NULL, NULL, NULL, NULL, '2023-07-16 22:57:07'),
	(101, 1, 15, NULL, NULL, 1, 5, NULL, NULL, NULL, NULL, NULL, '2023-07-16 22:57:07'),
	(102, 1, 15, NULL, NULL, 16, 5, NULL, NULL, NULL, NULL, NULL, '2023-07-16 22:57:07'),
	(103, 92, 1, NULL, NULL, 4, 12, NULL, NULL, NULL, NULL, NULL, '2023-07-16 22:57:07'),
	(104, 93, 1, NULL, NULL, 7, 12, '2017-09-21', NULL, 39.900000, 1, NULL, '2023-07-16 22:57:07'),
	(105, 94, 1, NULL, NULL, 3, 5, NULL, NULL, NULL, NULL, 'Solo trae el código de eShop', '2023-07-16 22:57:07'),
	(106, 95, 1, NULL, NULL, 1, 5, NULL, NULL, NULL, NULL, NULL, '2023-07-16 22:57:07'),
	(107, 96, 15, NULL, NULL, 3, 5, NULL, NULL, NULL, NULL, NULL, '2023-07-16 22:57:07'),
	(108, 97, 2, NULL, NULL, 3, 5, NULL, NULL, NULL, NULL, NULL, '2023-07-16 22:57:07'),
	(109, 98, 15, 1, NULL, 7, 12, '2018-08-08', NULL, 79.900000, 1, 'Edicion con Pokéball Plus', '2023-07-16 22:57:07'),
	(110, 99, 15, 1, NULL, 4, 12, '2018-06-02', NULL, 47.900000, 1, NULL, '2023-07-16 22:57:07'),
	(111, 100, 2, NULL, NULL, 3, 5, NULL, NULL, NULL, NULL, NULL, '2023-07-16 22:57:07'),
	(112, 101, 15, NULL, NULL, 16, 5, NULL, NULL, NULL, 4, NULL, '2023-07-16 22:57:07'),
	(113, 101, 15, 1, NULL, 7, 12, '2021-11-10', NULL, 46.900000, 1, NULL, '2023-07-16 22:57:07'),
	(114, 102, 15, 1, NULL, 7, 12, '2023-05-11', NULL, 24.900000, NULL, NULL, '2023-07-16 22:57:07'),
	(115, 103, 2, NULL, NULL, 3, 5, NULL, NULL, NULL, NULL, NULL, '2023-07-16 22:57:07'),
	(116, 104, 15, NULL, NULL, 16, 5, NULL, NULL, NULL, NULL, NULL, '2023-07-16 22:57:07'),
	(117, 104, 15, 1, NULL, 7, 12, '2022-10-10', NULL, 39.660000, NULL, NULL, '2023-07-16 22:57:07'),
	(118, 105, 2, NULL, NULL, 3, 5, NULL, NULL, NULL, NULL, NULL, '2023-07-16 22:57:07'),
	(119, 106, 2, NULL, NULL, 3, 5, NULL, NULL, NULL, NULL, NULL, '2023-07-16 22:57:07'),
	(120, 107, 15, 1, NULL, 7, 12, '2022-11-02', NULL, 36.350000, 1, NULL, '2023-07-16 22:57:07'),
	(121, 108, 15, NULL, NULL, 3, 5, NULL, NULL, NULL, NULL, NULL, '2023-07-16 22:57:07'),
	(122, 109, 15, 1, NULL, 4, 12, '2021-09-23', NULL, 49.500000, 3, 'Edicion dual', '2023-07-16 22:57:07'),
	(123, 110, 15, 1, NULL, 7, 12, '2021-09-23', NULL, 49.500000, 3, 'Edicion dual', '2023-07-16 22:57:07'),
	(124, 111, 15, 1, NULL, 4, 12, '2021-06-26', NULL, 36.900000, 3, NULL, '2023-07-16 22:57:07'),
	(125, 112, 15, 1, NULL, 4, 12, '2022-11-15', NULL, 49.500000, 3, 'Edicion dual', '2023-07-16 22:57:07'),
	(126, 113, 15, 1, NULL, 7, 12, '2022-11-15', NULL, 49.500000, 3, 'Edicion dual', '2023-07-16 22:57:07'),
	(127, 114, 15, 1, NULL, 6, 5, '2023-07-05', NULL, 49.900000, 1, NULL, '2023-07-16 22:57:07'),
	(128, 115, 1, NULL, NULL, 4, 12, NULL, NULL, NULL, NULL, NULL, '2023-07-16 22:57:07'),
	(129, 116, 1, NULL, NULL, 4, 8, NULL, NULL, NULL, NULL, NULL, '2023-07-16 22:57:07'),
	(130, 117, 1, NULL, NULL, 3, 5, NULL, NULL, NULL, NULL, NULL, '2023-07-16 22:57:07'),
	(131, 118, 1, NULL, NULL, 4, 10, NULL, NULL, NULL, NULL, NULL, '2023-07-16 22:57:07'),
	(132, 119, 1, NULL, NULL, 4, 12, NULL, NULL, NULL, NULL, NULL, '2023-07-16 22:57:07'),
	(133, 120, 4, NULL, NULL, 3, 5, NULL, NULL, NULL, NULL, NULL, '2023-07-16 22:57:07'),
	(134, 121, 4, NULL, NULL, 3, 5, NULL, NULL, NULL, NULL, NULL, '2023-07-16 22:57:07'),
	(135, 122, 4, NULL, NULL, 3, 5, NULL, NULL, NULL, NULL, NULL, '2023-07-16 22:57:07'),
	(136, 123, 4, NULL, NULL, 3, 5, NULL, NULL, NULL, NULL, NULL, '2023-07-16 22:57:07'),
	(137, 124, 4, NULL, NULL, 3, 5, NULL, NULL, NULL, NULL, NULL, '2023-07-16 22:57:07'),
	(138, 125, 4, NULL, NULL, 3, 5, NULL, NULL, NULL, NULL, NULL, '2023-07-16 22:57:07'),
	(139, 126, 4, NULL, NULL, 3, 5, NULL, NULL, NULL, NULL, NULL, '2023-07-16 22:57:07'),
	(140, 127, 4, NULL, NULL, 3, 5, NULL, NULL, NULL, NULL, NULL, '2023-07-16 22:57:07'),
	(141, 128, 4, NULL, NULL, 3, 5, NULL, NULL, NULL, NULL, NULL, '2023-07-16 22:57:07'),
	(142, 129, 4, NULL, NULL, 3, 5, NULL, NULL, NULL, NULL, NULL, '2023-07-16 22:57:07'),
	(143, 130, 4, NULL, NULL, 3, 5, NULL, NULL, NULL, NULL, NULL, '2023-07-16 22:57:07'),
	(144, 131, 4, NULL, NULL, 3, 5, NULL, NULL, NULL, NULL, NULL, '2023-07-16 22:57:07'),
	(145, 132, 4, NULL, NULL, 3, 5, NULL, NULL, NULL, NULL, NULL, '2023-07-16 22:57:07'),
	(146, 133, 4, NULL, NULL, 3, 5, NULL, NULL, NULL, NULL, NULL, '2023-07-16 22:57:07'),
	(147, 134, 4, NULL, NULL, 3, 5, NULL, NULL, NULL, NULL, NULL, '2023-07-16 22:57:07'),
	(148, 135, 4, NULL, NULL, 3, 5, NULL, NULL, NULL, NULL, NULL, '2023-07-16 22:57:07'),
	(149, 136, 4, NULL, NULL, 3, 5, NULL, NULL, NULL, NULL, NULL, '2023-07-16 22:57:07'),
	(150, 137, 4, NULL, NULL, 3, 5, NULL, NULL, NULL, NULL, NULL, '2023-07-16 22:57:07'),
	(151, 138, 6, NULL, NULL, 3, 5, NULL, NULL, NULL, NULL, NULL, '2023-07-16 22:57:07'),
	(152, 139, 6, NULL, NULL, 3, 5, NULL, NULL, NULL, NULL, NULL, '2023-07-16 22:57:07'),
	(153, 140, 6, NULL, NULL, 3, 5, NULL, NULL, NULL, NULL, NULL, '2023-07-16 22:57:07'),
	(154, 141, 6, NULL, NULL, 3, 5, NULL, NULL, NULL, NULL, NULL, '2023-07-16 22:57:07'),
	(155, 142, 6, NULL, NULL, 3, 5, NULL, NULL, NULL, NULL, NULL, '2023-07-16 22:57:07'),
	(156, 143, 6, NULL, NULL, 3, 5, NULL, NULL, NULL, NULL, NULL, '2023-07-16 22:57:07'),
	(157, 144, 6, NULL, NULL, 3, 5, NULL, NULL, NULL, NULL, NULL, '2023-07-16 22:57:07'),
	(158, 145, 6, NULL, NULL, 3, 5, NULL, NULL, NULL, NULL, NULL, '2023-07-16 22:57:07'),
	(159, 146, 6, NULL, NULL, 3, 5, NULL, NULL, NULL, NULL, NULL, '2023-07-16 22:57:07'),
	(160, 147, 6, NULL, NULL, 3, 5, NULL, NULL, NULL, NULL, NULL, '2023-07-16 22:57:07'),
	(161, 148, 6, NULL, NULL, 3, 5, NULL, NULL, NULL, NULL, NULL, '2023-07-16 22:57:07'),
	(162, 149, 6, NULL, NULL, 3, 5, NULL, NULL, NULL, NULL, NULL, '2023-07-16 22:57:07'),
	(163, 150, 6, NULL, NULL, 3, 5, NULL, NULL, NULL, NULL, NULL, '2023-07-16 22:57:07'),
	(164, 151, 6, NULL, NULL, 3, 5, NULL, NULL, NULL, NULL, NULL, '2023-07-16 22:57:07'),
	(165, 152, 6, NULL, NULL, 3, 5, NULL, NULL, NULL, NULL, NULL, '2023-07-16 22:57:07'),
	(166, 153, 6, NULL, NULL, 3, 5, NULL, NULL, NULL, NULL, NULL, '2023-07-16 22:57:07'),
	(167, 154, 6, NULL, NULL, 3, 5, NULL, NULL, NULL, NULL, NULL, '2023-07-16 22:57:07'),
	(168, 155, 6, NULL, NULL, 3, 5, NULL, NULL, NULL, NULL, NULL, '2023-07-16 22:57:07'),
	(169, 156, 6, NULL, NULL, 3, 5, NULL, NULL, NULL, NULL, NULL, '2023-07-16 22:57:07'),
	(170, 157, 6, NULL, NULL, 3, 5, NULL, NULL, NULL, NULL, NULL, '2023-07-16 22:57:07'),
	(171, 158, 6, NULL, NULL, 1, 5, NULL, NULL, NULL, NULL, NULL, '2023-07-16 22:57:07'),
	(172, 159, 6, NULL, NULL, 3, 5, NULL, NULL, NULL, NULL, NULL, '2023-07-16 22:57:07'),
	(173, 160, 6, NULL, NULL, 3, 5, NULL, NULL, NULL, NULL, NULL, '2023-07-16 22:57:07'),
	(174, 161, 6, NULL, NULL, 3, 5, NULL, NULL, NULL, NULL, NULL, '2023-07-16 22:57:07'),
	(175, 162, 6, NULL, NULL, 3, 5, NULL, NULL, NULL, NULL, NULL, '2023-07-16 22:57:07'),
	(176, 163, 6, NULL, NULL, 1, 5, NULL, NULL, NULL, NULL, NULL, '2023-07-16 22:57:07'),
	(177, 164, 6, NULL, NULL, 3, 5, NULL, NULL, NULL, NULL, NULL, '2023-07-16 22:57:07'),
	(178, 165, 7, NULL, NULL, 2, 5, NULL, NULL, NULL, NULL, NULL, '2023-07-16 22:57:07'),
	(179, 166, 7, NULL, NULL, 2, 5, NULL, NULL, NULL, NULL, NULL, '2023-07-16 22:57:07'),
	(180, 167, 7, NULL, NULL, 3, 5, NULL, NULL, NULL, NULL, NULL, '2023-07-16 22:57:07'),
	(181, 168, 7, NULL, NULL, 3, 5, NULL, NULL, NULL, NULL, NULL, '2023-07-16 22:57:07'),
	(182, 169, 7, NULL, NULL, 3, 5, NULL, NULL, NULL, NULL, NULL, '2023-07-16 22:57:07'),
	(183, 170, 7, NULL, NULL, 3, 5, NULL, NULL, NULL, NULL, NULL, '2023-07-16 22:57:07'),
	(184, 171, 7, NULL, NULL, 3, 5, NULL, NULL, NULL, NULL, NULL, '2023-07-16 22:57:07'),
	(185, 172, 7, NULL, NULL, 3, 5, NULL, NULL, NULL, NULL, NULL, '2023-07-16 22:57:07'),
	(186, 173, 7, NULL, NULL, 2, 5, NULL, NULL, NULL, NULL, NULL, '2023-07-16 22:57:07'),
	(187, 174, 7, NULL, NULL, 3, 5, NULL, NULL, NULL, NULL, NULL, '2023-07-16 22:57:07'),
	(188, 175, 7, NULL, NULL, 3, 5, NULL, NULL, NULL, NULL, NULL, '2023-07-16 22:57:07'),
	(189, 176, 7, NULL, NULL, 3, 5, NULL, NULL, NULL, NULL, NULL, '2023-07-16 22:57:07'),
	(190, 177, 7, NULL, NULL, 3, 5, NULL, NULL, NULL, NULL, NULL, '2023-07-16 22:57:07'),
	(191, 178, 7, NULL, NULL, 3, 5, NULL, NULL, NULL, NULL, NULL, '2023-07-16 22:57:07'),
	(192, 179, 7, NULL, NULL, 3, 5, NULL, NULL, NULL, NULL, NULL, '2023-07-16 22:57:07'),
	(193, 180, 7, NULL, NULL, 3, 5, NULL, NULL, NULL, NULL, NULL, '2023-07-16 22:57:07'),
	(194, 181, 7, NULL, NULL, 3, 5, NULL, NULL, NULL, NULL, NULL, '2023-07-16 22:57:07'),
	(195, 182, 7, NULL, NULL, 3, 5, NULL, NULL, NULL, NULL, NULL, '2023-07-16 22:57:07'),
	(196, 183, 7, NULL, NULL, 2, 5, NULL, NULL, NULL, NULL, NULL, '2023-07-16 22:57:07'),
	(197, 184, 8, NULL, NULL, 3, 5, NULL, NULL, NULL, NULL, NULL, '2023-07-16 22:57:07'),
	(198, 185, 8, NULL, NULL, 3, 5, NULL, NULL, NULL, NULL, NULL, '2023-07-16 22:57:07'),
	(199, 186, 8, NULL, NULL, 3, 5, NULL, NULL, NULL, NULL, NULL, '2023-07-16 22:57:07'),
	(200, 187, 8, NULL, NULL, 2, 5, NULL, NULL, NULL, NULL, NULL, '2023-07-16 22:57:07'),
	(201, 188, 8, NULL, NULL, 2, 5, NULL, NULL, NULL, NULL, NULL, '2023-07-16 22:57:07'),
	(202, 189, 11, NULL, NULL, 4, 8, NULL, NULL, NULL, NULL, NULL, '2023-07-16 22:57:07'),
	(203, 190, 11, NULL, NULL, 4, 12, NULL, NULL, NULL, NULL, NULL, '2023-07-16 22:57:07'),
	(204, 191, 11, NULL, NULL, 4, 8, NULL, NULL, NULL, NULL, NULL, '2023-07-16 22:57:07'),
	(205, 192, 11, NULL, NULL, 4, 8, NULL, NULL, NULL, NULL, NULL, '2023-07-16 22:57:07'),
	(206, 193, 11, NULL, NULL, 4, 8, NULL, NULL, NULL, NULL, NULL, '2023-07-16 22:57:07'),
	(207, 194, 11, NULL, NULL, 4, 8, NULL, NULL, NULL, NULL, NULL, '2023-07-16 22:57:07'),
	(208, 195, 11, NULL, NULL, 4, 8, NULL, NULL, NULL, NULL, NULL, '2023-07-16 22:57:07'),
	(209, 196, 11, NULL, NULL, 4, 12, NULL, NULL, NULL, NULL, NULL, '2023-07-16 22:57:07'),
	(210, 197, 11, NULL, NULL, 4, 12, NULL, NULL, NULL, NULL, NULL, '2023-07-16 22:57:07'),
	(211, 198, 11, NULL, NULL, 4, 8, NULL, NULL, NULL, NULL, NULL, '2023-07-16 22:57:07'),
	(212, 199, 11, NULL, NULL, 4, 8, NULL, NULL, NULL, NULL, NULL, '2023-07-16 22:57:07'),
	(213, 200, 11, NULL, NULL, 4, 8, NULL, NULL, NULL, NULL, NULL, '2023-07-16 22:57:07'),
	(214, 201, 11, NULL, NULL, 4, 8, NULL, NULL, NULL, NULL, NULL, '2023-07-16 22:57:07'),
	(215, 202, 11, NULL, NULL, 4, 8, NULL, NULL, NULL, NULL, NULL, '2023-07-16 22:57:07'),
	(216, 202, 11, NULL, NULL, 4, 8, NULL, NULL, NULL, NULL, NULL, '2023-07-16 22:57:07'),
	(217, 203, 11, NULL, NULL, 4, 8, NULL, NULL, NULL, NULL, NULL, '2023-07-16 22:57:07'),
	(218, 204, 11, NULL, NULL, 4, 8, NULL, NULL, NULL, NULL, NULL, '2023-07-16 22:57:07'),
	(219, 205, 11, NULL, NULL, 4, 8, NULL, NULL, NULL, NULL, NULL, '2023-07-16 22:57:07'),
	(220, 206, 11, NULL, NULL, 4, 12, NULL, NULL, NULL, NULL, NULL, '2023-07-16 22:57:07'),
	(221, 207, 11, NULL, NULL, 4, 12, NULL, NULL, NULL, NULL, NULL, '2023-07-16 22:57:07'),
	(222, 208, 11, NULL, NULL, 4, 8, NULL, NULL, NULL, NULL, NULL, '2023-07-16 22:57:07'),
	(223, 209, 11, NULL, NULL, 4, 8, NULL, NULL, NULL, NULL, NULL, '2023-07-16 22:57:07'),
	(224, 210, 11, NULL, NULL, 4, 8, NULL, NULL, NULL, NULL, NULL, '2023-07-16 22:57:07'),
	(225, 211, 11, NULL, NULL, 16, 5, NULL, NULL, NULL, NULL, 'Steam', '2023-07-16 22:57:07'),
	(226, 212, 11, NULL, NULL, 4, 8, NULL, NULL, NULL, NULL, NULL, '2023-07-16 22:57:07'),
	(227, 213, 11, NULL, NULL, 4, 8, NULL, NULL, NULL, NULL, NULL, '2023-07-16 22:57:07'),
	(228, 214, 11, NULL, NULL, 4, 8, NULL, NULL, NULL, NULL, NULL, '2023-07-16 22:57:07'),
	(229, 215, 11, NULL, NULL, 4, 8, NULL, NULL, NULL, NULL, NULL, '2023-07-16 22:57:07'),
	(230, 216, 12, NULL, NULL, 1, 5, NULL, NULL, NULL, NULL, NULL, '2023-07-16 22:57:07'),
	(231, 217, 12, NULL, NULL, 3, 5, NULL, NULL, NULL, NULL, NULL, '2023-07-16 22:57:07'),
	(232, 218, 12, NULL, NULL, 3, 5, NULL, NULL, NULL, NULL, NULL, '2023-07-16 22:57:07'),
	(233, 219, 12, NULL, NULL, 3, 5, NULL, NULL, NULL, NULL, NULL, '2023-07-16 22:57:07'),
	(234, 220, 12, NULL, NULL, 3, 5, NULL, NULL, NULL, NULL, NULL, '2023-07-16 22:57:07'),
	(235, 221, 12, NULL, NULL, 1, 5, NULL, NULL, NULL, NULL, NULL, '2023-07-16 22:57:07'),
	(236, 222, 12, NULL, NULL, 3, 5, NULL, NULL, NULL, NULL, NULL, '2023-07-16 22:57:07'),
	(237, 223, 12, NULL, NULL, 3, 5, NULL, NULL, NULL, NULL, NULL, '2023-07-16 22:57:07'),
	(238, 224, 12, NULL, NULL, 3, 5, NULL, NULL, NULL, NULL, NULL, '2023-07-16 22:57:07'),
	(239, 225, 12, NULL, NULL, 3, 5, NULL, NULL, NULL, NULL, NULL, '2023-07-16 22:57:07'),
	(240, 226, 12, NULL, NULL, 3, 5, NULL, NULL, NULL, NULL, NULL, '2023-07-16 22:57:07'),
	(241, 227, 12, NULL, NULL, 1, 5, NULL, NULL, NULL, NULL, NULL, '2023-07-16 22:57:07'),
	(242, 227, 12, NULL, NULL, 3, 5, NULL, NULL, NULL, NULL, NULL, '2023-07-16 22:57:07'),
	(243, 228, 12, NULL, NULL, 3, 5, NULL, NULL, NULL, NULL, NULL, '2023-07-16 22:57:07'),
	(244, 229, 12, NULL, NULL, 3, 5, NULL, NULL, NULL, NULL, NULL, '2023-07-16 22:57:07'),
	(245, 230, 12, NULL, NULL, 3, 5, NULL, NULL, NULL, NULL, NULL, '2023-07-16 22:57:07'),
	(246, 231, 13, NULL, NULL, 4, 8, NULL, NULL, NULL, NULL, NULL, '2023-07-16 22:57:07'),
	(247, 232, 13, NULL, NULL, 4, 8, NULL, NULL, NULL, NULL, NULL, '2023-07-16 22:57:07'),
	(248, 233, 13, NULL, NULL, 4, 8, NULL, NULL, NULL, NULL, 'Memory card dentro', '2023-07-16 22:57:07'),
	(249, 234, 13, NULL, NULL, 4, 8, NULL, NULL, NULL, NULL, NULL, '2023-07-16 22:57:07'),
	(250, 235, 13, NULL, NULL, 4, 8, NULL, NULL, NULL, NULL, NULL, '2023-07-16 22:57:07'),
	(251, 236, 13, NULL, NULL, 4, 8, NULL, NULL, NULL, NULL, NULL, '2023-07-16 22:57:07'),
	(252, 237, 14, NULL, NULL, 3, 5, NULL, NULL, NULL, NULL, NULL, '2023-07-16 22:57:07'),
	(253, 238, 14, NULL, NULL, 3, 5, NULL, NULL, NULL, NULL, NULL, '2023-07-16 22:57:07'),
	(254, 239, 14, NULL, NULL, 4, 8, NULL, NULL, 12.450000, NULL, NULL, '2023-07-16 22:57:07'),
	(255, 240, 14, NULL, NULL, 7, 12, '2022-09-09', NULL, 6.900000, NULL, NULL, '2023-07-16 22:57:07'),
	(256, 241, 14, NULL, NULL, 4, 8, NULL, NULL, NULL, NULL, NULL, '2023-07-16 22:57:07'),
	(257, 242, 14, NULL, NULL, 4, 8, NULL, NULL, NULL, NULL, NULL, '2023-07-16 22:57:07'),
	(258, 243, 14, NULL, NULL, 3, 5, NULL, NULL, NULL, NULL, NULL, '2023-07-16 22:57:07'),
	(259, 244, 14, NULL, NULL, 7, 12, '2022-10-01', NULL, 16.670000, NULL, NULL, '2023-07-16 22:57:07'),
	(260, 245, 14, NULL, NULL, 1, 5, NULL, NULL, NULL, NULL, NULL, '2023-07-16 22:57:07'),
	(261, 246, 14, NULL, NULL, 7, 12, '2022-08-29', NULL, 9.000000, 1, NULL, '2023-07-16 22:57:07'),
	(262, 247, 14, NULL, NULL, 4, 8, NULL, NULL, NULL, NULL, NULL, '2023-07-16 22:57:07'),
	(263, 248, 14, NULL, NULL, 4, 10, NULL, NULL, 5.630000, NULL, NULL, '2023-07-16 22:57:07'),
	(264, 248, 14, NULL, NULL, 7, 12, '2022-09-06', NULL, 10.900000, NULL, 'Pack con la cámara', '2023-07-16 22:57:07'),
	(265, 249, 14, NULL, NULL, 7, 12, NULL, NULL, 17.450000, NULL, NULL, '2023-07-16 22:57:07'),
	(266, 250, 14, NULL, NULL, 1, 5, NULL, NULL, NULL, NULL, NULL, '2023-07-16 22:57:07'),
	(267, 251, 14, NULL, NULL, 4, 10, '2022-08-31', NULL, 5.630000, NULL, NULL, '2023-07-16 22:57:07'),
	(268, 252, 14, NULL, NULL, 3, 5, NULL, NULL, NULL, NULL, NULL, '2023-07-16 22:57:07'),
	(269, 253, 14, NULL, NULL, 4, 8, NULL, NULL, NULL, NULL, NULL, '2023-07-16 22:57:07'),
	(270, 253, 14, NULL, NULL, 7, 12, '2022-09-30', NULL, 54.190000, NULL, NULL, '2023-07-16 22:57:07'),
	(271, 254, 14, NULL, NULL, 7, 12, '2022-08-04', NULL, 9.990000, 1, NULL, '2023-07-16 22:57:07'),
	(272, 255, 14, NULL, NULL, 3, 5, NULL, NULL, NULL, NULL, NULL, '2023-07-16 22:57:07'),
	(273, 256, 14, NULL, NULL, 1, 5, NULL, NULL, NULL, NULL, NULL, '2023-07-16 22:57:07'),
	(274, 257, 14, NULL, NULL, 3, 5, NULL, NULL, NULL, NULL, NULL, '2023-07-16 22:57:07'),
	(275, 258, 14, NULL, NULL, 4, 8, NULL, NULL, NULL, NULL, NULL, '2023-07-16 22:57:07'),
	(276, 258, 14, NULL, NULL, 7, 12, '2022-09-06', NULL, 12.900000, NULL, NULL, '2023-07-16 22:57:07'),
	(277, 259, 14, NULL, NULL, 1, 5, NULL, NULL, NULL, NULL, NULL, '2023-07-16 22:57:07'),
	(278, 260, 14, NULL, NULL, 3, 5, NULL, NULL, NULL, NULL, NULL, '2023-07-16 22:57:07'),
	(279, 261, 14, NULL, NULL, 7, 12, '2022-09-22', NULL, 8.450000, NULL, NULL, '2023-07-16 22:57:07'),
	(280, 262, 14, NULL, NULL, 1, 5, NULL, NULL, NULL, NULL, NULL, '2023-07-16 22:57:07'),
	(281, 263, 14, NULL, NULL, 4, 8, '2022-09-29', NULL, 9.450000, NULL, 'Caja dual', '2023-07-16 22:57:07'),
	(282, 264, 14, NULL, NULL, 4, 8, '2022-09-29', NULL, 9.450000, NULL, 'Caja dual', '2023-07-16 22:57:07'),
	(283, 265, 14, NULL, NULL, 3, 5, NULL, NULL, NULL, NULL, NULL, '2023-07-16 22:57:07'),
	(284, 266, 14, NULL, NULL, 7, 8, '2022-09-19', NULL, 52.600000, NULL, 'Precinto picado en la parte de arriba', '2023-07-16 22:57:07'),
	(285, 267, 14, NULL, NULL, 3, 5, NULL, NULL, NULL, NULL, NULL, '2023-07-16 22:57:07'),
	(286, 268, 14, NULL, NULL, 7, 12, '2022-09-08', NULL, 7.900000, NULL, NULL, '2023-07-16 22:57:07'),
	(287, 269, 14, NULL, NULL, 3, 5, NULL, NULL, NULL, NULL, NULL, '2023-07-16 22:57:07'),
	(288, 270, 14, NULL, NULL, 7, 12, '2022-08-31', NULL, 19.900000, NULL, NULL, '2023-07-16 22:57:07'),
	(289, 271, 14, NULL, NULL, 1, 5, NULL, NULL, NULL, NULL, NULL, '2023-07-16 22:57:07'),
	(290, 272, 14, NULL, NULL, 7, 12, '2022-10-01', NULL, 16.670000, NULL, 'Algun toque en el precinto', '2023-07-16 22:57:07'),
	(291, 273, 14, NULL, NULL, 1, 5, NULL, NULL, NULL, NULL, NULL, '2023-07-16 22:57:07'),
	(292, 274, 14, NULL, NULL, 3, 5, NULL, NULL, NULL, NULL, NULL, '2023-07-16 22:57:07'),
	(293, 275, 14, NULL, NULL, 4, 10, NULL, NULL, 5.630000, NULL, NULL, '2023-07-16 22:57:07'),
	(294, 276, 14, NULL, NULL, 4, 8, NULL, NULL, NULL, NULL, NULL, '2023-07-16 22:57:07'),
	(295, 277, 14, NULL, NULL, 7, 9, '2022-09-28', NULL, 18.000000, NULL, NULL, '2023-07-16 22:57:07'),
	(296, 278, 14, NULL, NULL, 4, 9, '2022-08-31', NULL, 5.630000, NULL, 'UMD tocado', '2023-07-16 22:57:07'),
	(297, 279, 14, NULL, NULL, 3, 5, NULL, NULL, NULL, NULL, NULL, '2023-07-16 22:57:07'),
	(298, 280, 14, NULL, NULL, 4, 8, NULL, NULL, NULL, NULL, NULL, '2023-07-16 22:57:07'),
	(299, 281, 14, NULL, NULL, 3, 5, NULL, NULL, NULL, NULL, NULL, '2023-07-16 22:57:07'),
	(300, 282, 14, NULL, NULL, 3, 5, NULL, NULL, NULL, NULL, NULL, '2023-07-16 22:57:07'),
	(301, 283, 14, NULL, NULL, 3, 5, NULL, NULL, NULL, NULL, NULL, '2023-07-16 22:57:07'),
	(302, 284, 14, NULL, NULL, 3, 5, NULL, NULL, NULL, NULL, NULL, '2023-07-16 22:57:07'),
	(303, 285, 14, NULL, NULL, 3, 5, NULL, NULL, NULL, NULL, NULL, '2023-07-16 22:57:07'),
	(304, 286, 14, NULL, NULL, 7, 12, '2022-10-01', NULL, 16.670000, NULL, 'El precinto es raro, no es original', '2023-07-16 22:57:07'),
	(305, 287, 14, NULL, NULL, 7, 12, '2022-09-12', NULL, 13.450000, NULL, NULL, '2023-07-16 22:57:07'),
	(306, 288, 14, NULL, NULL, 4, 8, NULL, NULL, NULL, NULL, NULL, '2023-07-16 22:57:07'),
	(307, 289, 14, NULL, NULL, 3, 5, NULL, NULL, NULL, NULL, NULL, '2023-07-16 22:57:07'),
	(308, 290, 14, NULL, NULL, 7, 12, '2022-10-01', NULL, 19.600000, NULL, '2 de los precintos están tocados', '2023-07-16 22:57:07'),
	(309, 224, 14, NULL, NULL, 4, 10, '2022-08-31', NULL, 5.630000, NULL, 'UMD tocado', '2023-07-16 22:57:07'),
	(310, 291, 14, NULL, NULL, 1, 5, NULL, NULL, NULL, NULL, NULL, '2023-07-16 22:57:07'),
	(311, 292, 14, NULL, NULL, 3, 5, NULL, NULL, NULL, NULL, NULL, '2023-07-16 22:57:07'),
	(312, 293, 14, NULL, NULL, 3, 5, NULL, NULL, NULL, NULL, NULL, '2023-07-16 22:57:07'),
	(313, 294, 14, NULL, NULL, 1, 5, NULL, NULL, NULL, NULL, NULL, '2023-07-16 22:57:07'),
	(314, 295, 14, NULL, NULL, 1, 5, NULL, NULL, NULL, NULL, NULL, '2023-07-16 22:57:07'),
	(315, 296, 14, NULL, NULL, 3, 5, NULL, NULL, NULL, NULL, NULL, '2023-07-16 22:57:07'),
	(316, 297, 14, NULL, NULL, 7, 12, '2022-09-14', NULL, 10.450000, NULL, 'Mucho sunface', '2023-07-16 22:57:07'),
	(317, 298, 14, NULL, NULL, 4, 8, NULL, NULL, NULL, NULL, NULL, '2023-07-16 22:57:07'),
	(318, 299, 14, NULL, NULL, 3, 5, NULL, NULL, NULL, NULL, NULL, '2023-07-16 22:57:07'),
	(319, 300, 14, NULL, NULL, 4, 8, NULL, NULL, NULL, NULL, NULL, '2023-07-16 22:57:07'),
	(320, 301, 14, NULL, NULL, 7, 12, '2022-09-28', NULL, 18.000000, NULL, NULL, '2023-07-16 22:57:07'),
	(321, 302, 14, NULL, NULL, 1, 5, NULL, NULL, NULL, NULL, NULL, '2023-07-16 22:57:07'),
	(322, 303, 14, NULL, NULL, 4, 10, NULL, NULL, 5.630000, NULL, NULL, '2023-07-16 22:57:07'),
	(323, 304, 14, NULL, NULL, 1, 5, NULL, NULL, NULL, NULL, NULL, '2023-07-16 22:57:07'),
	(324, 305, 14, NULL, NULL, 3, 5, NULL, NULL, NULL, NULL, NULL, '2023-07-16 22:57:07'),
	(325, 306, 15, NULL, NULL, 16, 5, NULL, NULL, NULL, NULL, NULL, '2023-07-16 22:57:07'),
	(326, 307, 15, NULL, NULL, 3, 5, NULL, NULL, NULL, NULL, NULL, '2023-07-16 22:57:07'),
	(327, 308, 15, NULL, NULL, 3, 5, NULL, NULL, NULL, NULL, NULL, '2023-07-16 22:57:07'),
	(328, 309, 15, 1, NULL, 7, 12, '2022-11-09', NULL, 30.000000, 6, 'Cupones Vale+', '2023-07-16 22:57:07'),
	(329, 310, 15, NULL, NULL, 16, 5, NULL, NULL, NULL, NULL, NULL, '2023-07-16 22:57:07'),
	(330, 311, 15, NULL, NULL, 3, 5, NULL, NULL, NULL, NULL, NULL, '2023-07-16 22:57:07'),
	(331, 312, 15, NULL, NULL, 3, 5, NULL, NULL, NULL, NULL, NULL, '2023-07-16 22:57:07'),
	(332, 313, 15, NULL, NULL, 3, 5, NULL, NULL, NULL, NULL, NULL, '2023-07-16 22:57:07'),
	(333, 314, 15, 1, NULL, 7, 12, '2022-11-02', NULL, 23.910000, 1, NULL, '2023-07-16 22:57:07'),
	(334, 315, 15, NULL, NULL, 3, 5, NULL, NULL, NULL, NULL, NULL, '2023-07-16 22:57:07'),
	(335, 316, 15, NULL, NULL, 3, 5, NULL, NULL, NULL, NULL, NULL, '2023-07-16 22:57:07'),
	(336, 317, 15, NULL, NULL, 16, 5, NULL, NULL, NULL, NULL, NULL, '2023-07-16 22:57:07'),
	(337, 318, 15, NULL, NULL, 3, 5, NULL, NULL, NULL, NULL, NULL, '2023-07-16 22:57:07'),
	(338, 319, 15, NULL, NULL, 16, 5, NULL, NULL, NULL, NULL, NULL, '2023-07-16 22:57:07'),
	(339, 320, 15, NULL, NULL, 3, 5, NULL, NULL, NULL, NULL, NULL, '2023-07-16 22:57:07'),
	(340, 321, 15, 2, NULL, 6, 5, '2023-07-06', '2023-07-10', 50.480000, 1, NULL, '2023-07-16 22:57:07'),
	(341, 322, 15, NULL, NULL, 3, 5, NULL, NULL, NULL, NULL, NULL, '2023-07-16 22:57:07'),
	(342, 323, 15, NULL, NULL, 3, 5, NULL, NULL, NULL, NULL, NULL, '2023-07-16 22:57:07'),
	(343, 324, 15, 2, NULL, 7, 12, '2022-09-18', NULL, 36.990000, NULL, NULL, '2023-07-16 22:57:07'),
	(344, 325, 15, 1, NULL, 7, 12, NULL, NULL, 49.900000, NULL, NULL, '2023-07-16 22:57:07'),
	(345, 326, 15, 1, NULL, 7, 12, '2023-01-31', NULL, 47.980000, NULL, NULL, '2023-07-16 22:57:07'),
	(346, 327, 15, NULL, NULL, 3, 5, NULL, NULL, NULL, NULL, NULL, '2023-07-16 22:57:07'),
	(347, 328, 15, NULL, NULL, 3, 5, NULL, NULL, NULL, NULL, NULL, '2023-07-16 22:57:07'),
	(348, 329, 15, NULL, NULL, 16, 5, NULL, NULL, NULL, NULL, NULL, '2023-07-16 22:57:07'),
	(349, 330, 15, NULL, NULL, 16, 5, NULL, NULL, NULL, NULL, NULL, '2023-07-16 22:57:07'),
	(350, 331, 15, NULL, NULL, 3, 5, NULL, NULL, NULL, NULL, NULL, '2023-07-16 22:57:07'),
	(351, 332, 15, NULL, NULL, 16, 5, NULL, NULL, NULL, NULL, NULL, '2023-07-16 22:57:07'),
	(352, 253, 15, 1, NULL, 7, 12, '2022-09-15', NULL, 54.900000, NULL, NULL, '2023-07-16 22:57:07'),
	(353, 333, 15, NULL, NULL, 3, 5, NULL, NULL, NULL, NULL, NULL, '2023-07-16 22:57:07'),
	(354, 334, 15, NULL, NULL, 3, 5, NULL, NULL, NULL, NULL, NULL, '2023-07-16 22:57:07'),
	(355, 123, 15, NULL, NULL, 3, 5, NULL, NULL, NULL, NULL, NULL, '2023-07-16 22:57:07'),
	(356, 124, 15, NULL, NULL, 3, 5, NULL, NULL, NULL, NULL, NULL, '2023-07-16 22:57:07'),
	(357, 335, 15, NULL, NULL, 3, 5, NULL, NULL, NULL, NULL, NULL, '2023-07-16 22:57:07'),
	(358, 336, 15, NULL, NULL, 3, 5, NULL, NULL, NULL, NULL, NULL, '2023-07-16 22:57:07'),
	(359, 337, 15, 2, NULL, 7, 12, '2023-01-25', '2023-01-27', 35.020000, 1, NULL, '2023-07-16 22:57:07'),
	(360, 338, 15, NULL, NULL, 16, 5, NULL, NULL, NULL, NULL, NULL, '2023-07-16 22:57:07'),
	(361, 339, 15, NULL, NULL, 3, 5, NULL, NULL, NULL, NULL, NULL, '2023-07-16 22:57:07'),
	(362, 340, 15, NULL, NULL, 3, 5, NULL, NULL, NULL, NULL, NULL, '2023-07-16 22:57:07'),
	(363, 341, 15, NULL, NULL, 3, 5, NULL, NULL, NULL, NULL, NULL, '2023-07-16 22:57:07'),
	(364, 342, 15, NULL, NULL, 16, 5, NULL, NULL, NULL, NULL, NULL, '2023-07-16 22:57:07'),
	(365, 343, 15, NULL, NULL, 3, 5, NULL, '2023-07-19', NULL, NULL, NULL, '2023-07-16 22:57:07'),
	(366, 344, 15, NULL, NULL, 3, 5, NULL, '2023-07-19', NULL, NULL, NULL, '2023-07-16 22:57:07'),
	(367, 345, 15, NULL, NULL, 3, 5, NULL, '2023-07-19', NULL, NULL, NULL, '2023-07-16 22:57:07'),
	(368, 346, 15, NULL, NULL, 3, 5, NULL, NULL, NULL, NULL, NULL, '2023-07-16 22:57:07'),
	(369, 347, 15, NULL, NULL, 16, 5, NULL, NULL, NULL, NULL, NULL, '2023-07-16 22:57:07'),
	(370, 348, 15, NULL, NULL, 3, 5, NULL, NULL, NULL, NULL, NULL, '2023-07-16 22:57:07'),
	(371, 349, 15, NULL, NULL, 3, 5, NULL, NULL, NULL, NULL, NULL, '2023-07-16 22:57:07'),
	(372, 350, 15, NULL, NULL, 3, 5, NULL, NULL, NULL, NULL, NULL, '2023-07-16 22:57:07'),
	(373, 351, 15, NULL, NULL, 3, 5, NULL, NULL, NULL, NULL, NULL, '2023-07-16 22:57:07'),
	(374, 352, 15, 1, NULL, 7, 12, '2022-10-10', NULL, 33.050000, NULL, NULL, '2023-07-16 22:57:07'),
	(375, 353, 15, 1, NULL, 7, 12, '2022-10-10', NULL, 33.050000, NULL, NULL, '2023-07-16 22:57:07'),
	(376, 354, 15, NULL, NULL, 3, 5, NULL, NULL, NULL, NULL, NULL, '2023-07-16 22:57:07'),
	(377, 355, 15, NULL, NULL, 16, 5, NULL, NULL, NULL, NULL, NULL, '2023-07-16 22:57:07'),
	(378, 356, 15, NULL, NULL, 16, 5, NULL, NULL, NULL, NULL, NULL, '2023-07-16 22:57:07'),
	(379, 357, 15, NULL, NULL, 3, 5, NULL, NULL, NULL, NULL, NULL, '2023-07-16 22:57:07'),
	(380, 358, 15, 1, NULL, 4, 12, NULL, NULL, NULL, NULL, NULL, '2023-07-16 22:57:07'),
	(381, 359, 15, NULL, NULL, 3, 5, NULL, NULL, NULL, NULL, NULL, '2023-07-16 22:57:07'),
	(382, 360, 15, 1, NULL, 4, 12, '2017-06-20', NULL, 50.940000, 1, NULL, '2023-07-16 22:57:07'),
	(383, 361, 15, NULL, NULL, 3, 5, NULL, NULL, NULL, NULL, NULL, '2023-07-16 22:57:07'),
	(384, 362, 15, 1, NULL, 4, 12, '2022-05-03', NULL, 46.900000, 1, NULL, '2023-07-16 22:57:07'),
	(385, 363, 15, NULL, NULL, 3, 5, NULL, NULL, NULL, NULL, NULL, '2023-07-16 22:57:07'),
	(386, 364, 15, 1, NULL, 7, 12, '2023-03-01', '2023-03-02', 29.990000, 1, NULL, '2023-07-16 22:57:07'),
	(387, 365, 15, 1, NULL, 7, 12, '2023-02-14', NULL, 34.990000, 3, NULL, '2023-07-16 22:57:07'),
	(388, 366, 15, NULL, NULL, 3, 5, NULL, NULL, NULL, NULL, NULL, '2023-07-16 22:57:07'),
	(389, 367, 15, 1, NULL, 4, 8, '2023-06-19', NULL, 25.670000, NULL, NULL, '2023-07-16 22:57:07'),
	(390, 368, 15, NULL, NULL, 16, 5, NULL, NULL, NULL, NULL, NULL, '2023-07-16 22:57:07'),
	(391, 369, 15, NULL, NULL, 3, 5, NULL, NULL, NULL, NULL, NULL, '2023-07-16 22:57:07'),
	(392, 370, 15, NULL, NULL, 3, 5, NULL, NULL, NULL, NULL, NULL, '2023-07-16 22:57:07'),
	(393, 371, 15, 1, NULL, 4, 8, '2022-09-22', NULL, 16.950000, NULL, NULL, '2023-07-16 22:57:07'),
	(394, 372, 15, NULL, NULL, 3, 5, NULL, NULL, NULL, NULL, NULL, '2023-07-16 22:57:07'),
	(395, 373, 15, NULL, NULL, 3, 5, NULL, NULL, NULL, NULL, NULL, '2023-07-16 22:57:07'),
	(396, 374, 15, NULL, NULL, 3, 5, NULL, NULL, NULL, NULL, NULL, '2023-07-16 22:57:07'),
	(397, 375, 15, NULL, NULL, 3, 5, NULL, NULL, NULL, NULL, NULL, '2023-07-16 22:57:07'),
	(398, 376, 15, NULL, NULL, 16, 5, NULL, NULL, NULL, NULL, NULL, '2023-07-16 22:57:07'),
	(399, 377, 15, NULL, NULL, 3, 5, NULL, NULL, NULL, NULL, NULL, '2023-07-16 22:57:07'),
	(400, 378, 15, NULL, NULL, 3, 5, NULL, NULL, NULL, NULL, NULL, '2023-07-16 22:57:07'),
	(401, 379, 15, 1, NULL, 4, 8, '2023-06-15', NULL, 31.180000, NULL, NULL, '2023-07-16 22:57:07'),
	(402, 380, 15, NULL, NULL, 3, 5, NULL, NULL, NULL, NULL, NULL, '2023-07-16 22:57:07'),
	(403, 381, 15, NULL, NULL, 3, 5, NULL, NULL, NULL, NULL, NULL, '2023-07-16 22:57:07'),
	(404, 382, 15, NULL, NULL, 3, 5, NULL, NULL, NULL, NULL, NULL, '2023-07-16 22:57:07'),
	(405, 383, 15, NULL, NULL, 3, 5, NULL, NULL, NULL, NULL, NULL, '2023-07-16 22:57:07'),
	(406, 384, 15, NULL, NULL, 3, 5, NULL, NULL, NULL, NULL, NULL, '2023-07-16 22:57:07'),
	(407, 385, 15, NULL, NULL, 3, 5, NULL, NULL, NULL, NULL, NULL, '2023-07-16 22:57:07'),
	(408, 386, 15, NULL, NULL, 3, 5, NULL, NULL, NULL, NULL, NULL, '2023-07-16 22:57:07'),
	(409, 387, 15, NULL, NULL, 16, 5, NULL, NULL, NULL, NULL, NULL, '2023-07-16 22:57:07'),
	(410, 388, 15, NULL, NULL, 3, 5, NULL, NULL, NULL, NULL, NULL, '2023-07-16 22:57:07'),
	(411, 389, 15, NULL, NULL, 3, 5, NULL, NULL, NULL, NULL, NULL, '2023-07-16 22:57:07'),
	(412, 390, 15, NULL, NULL, 16, 5, NULL, NULL, NULL, NULL, NULL, '2023-07-16 22:57:07'),
	(413, 391, 15, NULL, NULL, 3, 5, NULL, NULL, NULL, NULL, NULL, '2023-07-16 22:57:07'),
	(414, 392, 15, NULL, NULL, 3, 5, NULL, NULL, NULL, NULL, NULL, '2023-07-16 22:57:07'),
	(415, 393, 15, NULL, NULL, 16, 5, NULL, NULL, NULL, NULL, NULL, '2023-07-16 22:57:07'),
	(416, 394, 15, NULL, NULL, 3, 5, NULL, NULL, NULL, NULL, NULL, '2023-07-16 22:57:07'),
	(417, 395, 15, NULL, NULL, 16, 5, NULL, NULL, NULL, NULL, NULL, '2023-07-16 22:57:07'),
	(418, 396, 15, NULL, NULL, 16, 5, NULL, NULL, NULL, NULL, NULL, '2023-07-16 22:57:07'),
	(419, 397, 15, NULL, NULL, 16, 5, NULL, NULL, NULL, NULL, NULL, '2023-07-16 22:57:07'),
	(420, 398, 15, NULL, NULL, 16, 5, NULL, NULL, NULL, NULL, NULL, '2023-07-16 22:57:07'),
	(421, 399, 15, NULL, NULL, 3, 5, NULL, NULL, NULL, NULL, NULL, '2023-07-16 22:57:07'),
	(422, 400, 15, NULL, NULL, 16, 5, NULL, NULL, NULL, NULL, NULL, '2023-07-16 22:57:07'),
	(423, 401, 15, NULL, NULL, 3, 5, NULL, NULL, NULL, NULL, NULL, '2023-07-16 22:57:07'),
	(424, 402, 15, NULL, NULL, 3, 5, NULL, NULL, NULL, NULL, NULL, '2023-07-16 22:57:07'),
	(425, 403, 15, NULL, NULL, 16, 5, NULL, NULL, NULL, NULL, NULL, '2023-07-16 22:57:07'),
	(426, 404, 15, NULL, NULL, 3, 5, NULL, NULL, NULL, NULL, NULL, '2023-07-16 22:57:07'),
	(427, 405, 15, NULL, NULL, 3, 5, NULL, NULL, NULL, NULL, NULL, '2023-07-16 22:57:07'),
	(428, 406, 15, 1, NULL, 6, 5, '2023-07-05', NULL, 42.990000, 1, NULL, '2023-07-16 22:57:07'),
	(429, 407, 15, 1, NULL, 4, 8, '2023-06-09', NULL, 25.680000, NULL, NULL, '2023-07-16 22:57:07'),
	(430, 407, 15, 1, NULL, 7, 12, '2022-12-19', NULL, 45.450000, NULL, NULL, '2023-07-16 22:57:07'),
	(431, 408, 15, NULL, NULL, 3, 5, NULL, NULL, NULL, NULL, NULL, '2023-07-16 22:57:07'),
	(432, 409, 15, NULL, NULL, 3, 5, NULL, NULL, NULL, NULL, NULL, '2023-07-16 22:57:07'),
	(433, 410, 15, NULL, NULL, 3, 5, NULL, NULL, NULL, NULL, NULL, '2023-07-16 22:57:07'),
	(434, 411, 15, NULL, NULL, 16, 5, NULL, NULL, NULL, NULL, NULL, '2023-07-16 22:57:07'),
	(435, 412, 15, NULL, NULL, 3, 5, NULL, NULL, NULL, NULL, NULL, '2023-07-16 22:57:07'),
	(436, 413, 15, NULL, NULL, 3, 5, NULL, NULL, NULL, NULL, NULL, '2023-07-16 22:57:07'),
	(437, 414, 15, 1, NULL, 4, 12, NULL, NULL, NULL, NULL, NULL, '2023-07-16 22:57:07'),
	(438, 415, 15, 1, NULL, 4, 12, '2023-05-24', NULL, 39.750000, NULL, NULL, '2023-07-16 22:57:07'),
	(439, 416, 15, NULL, NULL, 3, 5, NULL, NULL, NULL, NULL, NULL, '2023-07-16 22:57:07'),
	(440, 417, 15, NULL, NULL, 16, 5, NULL, NULL, NULL, NULL, NULL, '2023-07-16 22:57:07'),
	(441, 418, 15, NULL, NULL, 3, 5, NULL, NULL, NULL, NULL, NULL, '2023-07-16 22:57:07'),
	(442, 419, 15, NULL, NULL, 3, 5, NULL, NULL, NULL, NULL, NULL, '2023-07-16 22:57:07'),
	(443, 420, 15, NULL, NULL, 3, 5, NULL, NULL, NULL, NULL, NULL, '2023-07-16 22:57:07'),
	(444, 421, 15, NULL, NULL, 3, 5, NULL, NULL, NULL, NULL, NULL, '2023-07-16 22:57:07'),
	(445, 422, 15, 1, NULL, 3, 5, NULL, NULL, NULL, NULL, NULL, '2023-07-16 22:57:07'),
	(446, 423, 15, NULL, NULL, 3, 5, NULL, NULL, NULL, NULL, NULL, '2023-07-16 22:57:07'),
	(447, 424, 15, NULL, NULL, 3, 5, NULL, NULL, NULL, NULL, NULL, '2023-07-16 22:57:07'),
	(448, 425, 15, NULL, NULL, 16, 5, NULL, NULL, NULL, NULL, NULL, '2023-07-16 22:57:07'),
	(449, 426, 15, 1, NULL, 7, 12, '2022-09-20', NULL, 49.990000, 5, NULL, '2023-07-16 22:57:07'),
	(450, 427, 15, 2, NULL, 7, 12, '2022-10-11', NULL, 62.890000, NULL, NULL, '2023-07-16 22:57:07'),
	(451, 428, 15, 2, NULL, 7, 12, '2023-01-25', '2023-01-30', 39.280000, 1, NULL, '2023-07-16 22:57:07'),
	(452, 429, 15, 1, NULL, 7, 12, '2022-09-20', NULL, 59.950000, 5, NULL, '2023-07-16 22:57:07'),
	(453, 430, 15, NULL, NULL, 3, 5, NULL, NULL, NULL, NULL, NULL, '2023-07-16 22:57:07'),
	(454, 431, 15, NULL, NULL, 3, 5, NULL, NULL, NULL, NULL, NULL, '2023-07-16 22:57:07'),
	(455, 432, 17, NULL, NULL, 4, 12, NULL, NULL, NULL, NULL, NULL, '2023-07-16 22:57:07'),
	(456, 433, 17, NULL, NULL, 4, 12, NULL, NULL, NULL, NULL, NULL, '2023-07-16 22:57:07'),
	(457, 434, 17, NULL, NULL, 4, 12, NULL, NULL, NULL, NULL, NULL, '2023-07-16 22:57:07'),
	(458, 385, 17, NULL, NULL, 4, 12, NULL, NULL, NULL, NULL, NULL, '2023-07-16 22:57:07'),
	(459, 435, 17, NULL, NULL, 4, 12, NULL, NULL, NULL, NULL, NULL, '2023-07-16 22:57:07'),
	(460, 407, 17, NULL, NULL, 4, 12, NULL, NULL, NULL, NULL, NULL, '2023-07-16 22:57:07'),
	(461, 436, 17, 2, NULL, 7, 12, '2022-12-28', NULL, 34.580000, NULL, NULL, '2023-07-16 22:57:07'),
	(462, 437, 17, NULL, NULL, 4, 12, NULL, NULL, NULL, NULL, NULL, '2023-07-16 22:57:07'),
	(463, 438, 15, 1, 2, 4, 11, '2023-07-12', '2023-07-14', 15.170000, 11, NULL, '2023-07-16 22:57:07'),
	(464, 173, 7, 1, 2, 4, 8, '2023-07-05', '2023-07-10', 41.800000, 11, NULL, '2023-07-16 22:57:07'),
	(465, 36, 4, 1, 2, 4, 12, '2023-07-12', '2023-07-19', 44.340000, 11, NULL, '2023-07-16 22:57:07'),
	(466, 81, 1, 1, 2, 4, 8, '2023-07-12', '2023-07-19', 24.340000, 11, NULL, '2023-07-16 22:57:07'),
	(467, 184, 8, 1, 2, 4, 8, '2023-07-15', '2023-07-19', 36.430000, 11, NULL, '2023-07-16 22:57:07'),
	(468, 439, 11, NULL, NULL, 16, 5, '2023-07-19', '2023-07-19', 19.500000, 12, NULL, '2023-07-19 22:40:06');

-- Volcando estructura para tabla coleccion.ESTADO
CREATE TABLE IF NOT EXISTS `ESTADO` (
  `ID` int(11) NOT NULL AUTO_INCREMENT,
  `DESCRIPCION` varchar(50) NOT NULL,
  `TIPO` int(11) NOT NULL COMMENT '0 General, 1 Cajas, 2 Jugado',
  PRIMARY KEY (`ID`)
) ENGINE=InnoDB AUTO_INCREMENT=18 DEFAULT CHARSET=utf8;

-- Volcando datos para la tabla coleccion.ESTADO: ~14 rows (aproximadamente)
DELETE FROM `ESTADO`;
INSERT INTO `ESTADO` (`ID`, `DESCRIPCION`, `TIPO`) VALUES
	(1, 'Buscado', 0),
	(2, 'Cartucho', 0),
	(3, 'N/A', 0),
	(4, 'Completo', 0),
	(5, 'N/A', 1),
	(6, 'Pedido', 0),
	(7, 'Precintado', 0),
	(8, 'Bien', 1),
	(9, 'Rota', 1),
	(10, 'Para cambiar', 1),
	(11, 'Mal', 1),
	(12, 'Perfecta', 1),
	(13, 'Jugando', 2),
	(14, 'Pendiente', 2),
	(15, 'Terminado', 2),
	(16, 'Digital', 0),
	(17, 'Incompleto', 0);

-- Volcando estructura para tabla coleccion.IDIOMA
CREATE TABLE IF NOT EXISTS `IDIOMA` (
  `ID` int(11) NOT NULL AUTO_INCREMENT,
  `DESCRIPCION` varchar(50) NOT NULL,
  `CORTO` varchar(50) NOT NULL,
  PRIMARY KEY (`ID`),
  UNIQUE KEY `DESC_CORTO_I_UK` (`DESCRIPCION`,`CORTO`) USING BTREE
) ENGINE=InnoDB AUTO_INCREMENT=11 DEFAULT CHARSET=utf8;

-- Volcando datos para la tabla coleccion.IDIOMA: ~10 rows (aproximadamente)
DELETE FROM `IDIOMA`;
INSERT INTO `IDIOMA` (`ID`, `DESCRIPCION`, `CORTO`) VALUES
	(4, 'Alemán', 'DE'),
	(7, 'Chino', 'ZH'),
	(10, 'Coreano', 'KO'),
	(1, 'Español', 'ES'),
	(3, 'Francés', 'FR'),
	(2, 'Inglés', 'EN'),
	(5, 'Italiano', 'IT'),
	(6, 'Japonés', 'JP'),
	(9, 'Portugués', 'PT'),
	(8, 'Ruso', 'RU');

-- Volcando estructura para tabla coleccion.JUEGO
CREATE TABLE IF NOT EXISTS `JUEGO` (
  `ID` int(11) NOT NULL AUTO_INCREMENT,
  `NOMBRE` varchar(255) NOT NULL,
  `CODIGO` varchar(255) DEFAULT NULL,
  `SAGA` varchar(255) DEFAULT NULL,
  `FECHA_SALIDA` date DEFAULT NULL,
  PRIMARY KEY (`ID`),
  UNIQUE KEY `NOMBRE_SALIDA_JUEGO_UK` (`NOMBRE`,`FECHA_SALIDA`) USING BTREE
) ENGINE=InnoDB AUTO_INCREMENT=443 DEFAULT CHARSET=utf8;

-- Volcando datos para la tabla coleccion.JUEGO: ~440 rows (aproximadamente)
DELETE FROM `JUEGO`;
INSERT INTO `JUEGO` (`ID`, `NOMBRE`, `CODIGO`, `SAGA`, `FECHA_SALIDA`) VALUES
	(1, 'Pokkén Tournament DX', 'PokkenTournamentDX', 'Pokémon', '2017-09-22'),
	(2, 'Pokémon Verde', 'PokemonVerde', 'Pokémon', '1996-02-27'),
	(3, 'Pokémon Amarillo', 'PokemonAmarillo', 'Pokémon', '1998-09-12'),
	(4, 'Pokémon Azul', 'PokemonAzul', 'Pokémon', '1999-10-05'),
	(5, 'Pokémon Rojo', 'PokemonRojo', 'Pokémon', '1999-10-05'),
	(6, 'Pokémon Plata', 'PokemonPlata', 'Pokémon', '1999-11-21'),
	(7, 'Pokémon Stadium', 'PokemonStadium', 'Pokémon', '2000-04-07'),
	(8, 'Pokémon Amarillo', 'PokemonAmarillo', 'Pokémon', '2000-06-16'),
	(9, 'Pokémon Snap', 'PokemonSnap', 'Pokémon', '2000-09-15'),
	(10, 'Pokémon Pinball', 'PokemonPinball', 'Pokémon', '2000-10-06'),
	(11, 'Hey You, Pikachu!', 'HeyYouPikachu', 'Pokémon', '2000-11-06'),
	(12, 'Pokémon Trading Card Game', 'PokemonTradingCardGame', 'Pokémon', '2000-12-15'),
	(13, 'Pokémon Oro', 'PokemonOro', 'Pokémon', '2001-04-06'),
	(14, 'Pokémon Plata', 'PokemonPlata', 'Pokémon', '2001-04-06'),
	(15, 'Pokemon Card GB2 Here comes Team Great Rocket!', 'PokemonCardGB2HerecomesTeamGreatRocket', 'Pokémon', '2001-04-28'),
	(16, 'Pokémon Puzzle Challenge', 'PokemonPuzzleChallenge', 'Pokémon', '2001-06-08'),
	(17, 'Pokémon Stadium 2', 'PokemonStadium2', 'Pokémon', '2001-10-10'),
	(18, 'Pokémon Cristal', 'PokemonCristal', 'Pokémon', '2001-11-02'),
	(19, 'Pokémon Rubí', 'PokemonRubi', 'Pokémon', '2003-07-25'),
	(20, 'Pokémon Zafiro', 'PokemonZafiro', 'Pokémon', '2003-07-25'),
	(21, 'Pokémon Pinball: Rubí y Zafiro', 'PokemonPinballRubiyZafiro', 'Pokémon', '2003-11-14'),
	(22, 'Pokémon Channel', 'PokemonChannel', 'Pokémon', '2004-04-01'),
	(23, 'Pokémon Box: Ruby & Sapphire', 'PokemonBoxRubySapphire', 'Pokémon', '2004-05-14'),
	(24, 'Pokémon Colosseum', 'PokemonColosseum', 'Pokémon', '2004-05-19'),
	(25, 'Pokémon Rojo Fuego', 'PokemonRojoFuego', 'Pokémon', '2004-10-01'),
	(26, 'Pokémon Verde Hoja', 'PokemonVerdeHoja', 'Pokémon', '2004-10-01'),
	(27, 'Pokémon Dash', 'PokemonDash', 'Pokémon', '2005-03-13'),
	(28, 'Pokémon Esmeralda', 'PokemonEsmeralda', 'Pokémon', '2005-10-27'),
	(29, 'Pokémon XD: Tempestad Oscura', 'PokemonXDTempestadOscura', 'Pokémon', '2005-11-18'),
	(30, 'Pokémon Link', 'PokemonLink', 'Pokémon', '2006-04-28'),
	(31, 'Pokémon Mundo Misterioso: Equipo de Rescate Azul', 'PokemonMundoMisteriosoEquipodeRescateAzul', 'Pokémon', '2006-11-10'),
	(32, 'Pokémon Mundo Misterioso: Equipo de Rescate Rojo', 'PokemonMundoMisteriosoEquipodeRescateRojo', 'Pokémon', '2006-11-10'),
	(33, 'Pokémon Ranger', 'PokemonRanger', 'Pokémon', '2007-04-13'),
	(34, 'Pokémon Battrio', 'PokemonBattrio', 'Pokémon', '2007-07-14'),
	(35, 'Pokémon Diamante', 'PokemonDiamante', 'Pokémon', '2007-07-27'),
	(36, 'Pokémon Perla', 'PokemonPerla', 'Pokémon', '2007-07-27'),
	(37, 'Pokémon Battle Revolution', 'PokemonBattleRevolution', 'Pokémon', '2007-12-07'),
	(38, 'Pokémon Puzzle League', 'PokemonPuzzleLeague', 'Pokémon', '2008-05-30'),
	(39, 'Pokémon Mundo Misterioso: Exploradores de la Oscuridad', 'PokemonMundoMisteriosoExploradoresdelaOscuridad', 'Pokémon', '2008-07-04'),
	(40, 'Pokémon Mundo Misterioso: Exploradores del Tiempo', 'PokemonMundoMisteriosoExploradoresdelTiempo', 'Pokémon', '2008-07-04'),
	(41, 'My Pokémon Ranch', 'MyPokemonRanch', 'Pokémon', '2008-07-04'),
	(42, 'Pokémon Ranger: Sombras de Almia', 'PokemonRangerSombrasdeAlmia', 'Pokémon', '2008-11-10'),
	(43, 'Pokémon Platino', 'PokemonPlatino', 'Pokémon', '2009-05-22'),
	(44, 'Pokémon Mystery Dungeon: Go For It! Light Adventure Squad', 'PokemonMysteryDungeonGoForItLightAdventureSquad', 'Pokémon', '2009-08-04'),
	(45, 'Pokémon Mystery Dungeon: Keep Going! Blazing Adventure Squad', 'PokemonMysteryDungeonKeepGoingBlazingAdventureSquad', 'Pokémon', '2009-08-04'),
	(46, 'Pokémon Mystery Dungeon: Let\'s Go! Stormy Adventure Squad', 'PokemonMysteryDungeonLetsGoStormyAdventureSquad', 'Pokémon', '2009-08-04'),
	(47, 'Pokémon Mundo Misterioso: Exploradores del Cielo', 'PokemonMundoMisteriosoExploradoresdelCielo', 'Pokémon', '2009-11-20'),
	(48, 'Pokémon Rumble', 'PokemonRumble', 'Pokémon', '2009-11-20'),
	(49, 'Pokémon Heart Gold', 'PokemonHeartGold', 'Pokémon', '2010-03-26'),
	(50, 'Pokémon Soul Silver', 'PokemonSoulSilver', 'Pokémon', '2010-03-26'),
	(51, 'PokéPark: Pikachu\'s Big Adventure', 'PokeParkPikachusBigAdventure', 'Pokémon', '2010-07-09'),
	(52, 'Pokémon Ranger: Trazos de Luz', 'PokemonRangerTrazosdeLuz', 'Pokémon', '2010-11-05'),
	(53, 'Pokémon Blanco', 'PokemonBlanco', 'Pokémon', '2011-03-04'),
	(54, 'Pokémon Negro', 'PokemonNegro', 'Pokémon', '2011-03-04'),
	(55, 'Pokédex 3D', 'Pokedex3D', 'Pokémon', '2011-06-07'),
	(56, 'Pokémon Say Tap?', 'PokemonSayTap', 'Pokémon', '2011-07-15'),
	(57, 'Pokédex 3D Pro', 'Pokedex3DPro', 'Pokémon', '2011-11-08'),
	(58, 'Super Pokémon Rumble', 'SuperPokemonRumble', 'Pokémon', '2011-12-02'),
	(59, 'PokéPark 2: Un mundo lleno de ilusiones', 'PokePark2Unmundollenodeilusiones', 'Pokémon', '2012-03-23'),
	(60, 'Pokémon Conquest', 'PokemonConquest', 'Pokémon', '2012-06-18'),
	(61, 'Aprende con Pokémon: aventura entre las teclas', 'AprendeconPokemonaventuraentrelasteclas', 'Pokémon', '2012-09-21'),
	(62, 'Pokémon Blanco 2', 'PokemonBlanco2', 'Pokémon', '2012-10-11'),
	(63, 'Pokémon Negro 2', 'PokemonNegro2', 'Pokémon', '2012-10-11'),
	(64, 'RAdar Pokémon', 'RAdarPokemon', 'Pokémon', '2012-10-12'),
	(65, 'Pokémon Mundo Misterioso: Portales al Infinito', 'PokemonMundoMisteriosoPortalesalInfinito', 'Pokémon', '2013-05-17'),
	(66, 'Pokémon Tretta Lab', 'PokemonTrettaLab', 'Pokémon', '2013-08-10'),
	(67, 'Pokémon Rumble U', 'PokemonRumbleU', 'Pokémon', '2013-08-15'),
	(68, 'Pokémon X', 'PokemonX', 'Pokémon', '2013-10-12'),
	(69, 'Pokémon Y', 'PokemonY', 'Pokémon', '2013-10-12'),
	(70, 'Pokémon Link: Battle!', 'PokemonLinkBattle', 'Pokémon', '2014-03-13'),
	(71, 'Pokémon Art Academy', 'PokemonArtAcademy', 'Pokémon', '2014-07-04'),
	(72, 'Pokémon Rubí Omega', 'PokemonRubiOmega', 'Pokémon', '2014-11-28'),
	(73, 'Pokémon Zafiro Alfa', 'PokemonZafiroAlfa', 'Pokémon', '2014-11-28'),
	(74, 'Pokémon Shuffle', 'PokemonShuffle', 'Pokémon', '2015-02-18'),
	(75, 'Pokémon Rumble World', 'PokemonRumbleWorld', 'Pokémon', '2015-04-08'),
	(76, 'PokéPark: Pikachu\'s Big Adventure Wii', 'PokeParkPikachusBigAdventureWii', 'Pokémon', '2015-05-16'),
	(77, 'Pokémon Jukebox', 'PokemonJukebox', 'Pokémon', '2015-06-23'),
	(78, 'Dancing? Pokémon Band', 'DancingPokemonBand', 'Pokémon', '2015-06-30'),
	(79, 'Pokémon Shuffle Mobile', 'PokemonShuffleMobile', 'Pokémon', '2015-11-01'),
	(80, 'Pokémon Picross', 'PokemonPicross', 'Pokémon', '2015-12-03'),
	(81, 'Pokémon Mundo Megamisterioso', 'PokemonMundoMegamisterioso', 'Pokémon', '2016-02-19'),
	(82, 'Pokkén Tournament', 'PokkenTournament', 'Pokémon', '2016-03-18'),
	(83, 'Campamento Pokémon', 'CampamentoPokemon', 'Pokémon', '2016-04-15'),
	(84, 'Pokémon GO', 'PokemonGO', 'Pokémon', '2016-07-15'),
	(85, 'Pokémon Luna', 'PokemonLuna', 'Pokémon', '2016-11-23'),
	(86, 'Pokémon Sol', 'PokemonSol', 'Pokémon', '2016-11-23'),
	(87, 'Pokémon Duel', 'PokemonDuel', 'Pokémon', '2017-01-24'),
	(88, 'Pokémon: Magikarp Jump', 'PokemonMagikarpJump', 'Pokémon', '2017-05-25'),
	(89, 'Pokémon Oro', 'PokemonOro', 'Pokémon', '2017-09-22'),
	(90, 'Pokémon Plata', 'PokemonPlata', 'Pokémon', '2017-09-22'),
	(91, 'Pokémon Playhouse', 'PokemonPlayhouse', 'Pokémon', '2017-09-22'),
	(92, 'Pokémon Ultraluna', 'PokemonUltraluna', 'Pokémon', '2017-11-17'),
	(93, 'Pokémon Ultrasol', 'PokemonUltrasol', 'Pokémon', '2017-11-17'),
	(94, 'Pokémon Cristal', 'PokemonCristal', 'Pokémon', '2018-01-26'),
	(95, 'Detective Pikachu', 'DetectivePikachu', 'Pokémon', '2018-03-23'),
	(96, 'Pokémon Quest', 'PokemonQuest', 'Pokémon', '2018-05-30'),
	(97, 'Pokémon Masters', 'PokemonMasters', 'Pokémon', '2018-08-29'),
	(98, 'Pokémon Let\'s Go Eevee', 'PokemonLetsGoEevee', 'Pokémon', '2018-11-16'),
	(99, 'Pokémon Let\'s Go Pikachu', 'PokemonLetsGoPikachu', 'Pokémon', '2018-11-16'),
	(100, 'Pokemon Rumble Rush', 'PokemonRumbleRush', 'Pokémon', '2019-05-22'),
	(101, 'Pokémon Escudo', 'PokemonEscudo', 'Pokémon', '2019-11-15'),
	(102, 'Pokémon Espada', 'PokemonEspada', 'Pokémon', '2019-11-15'),
	(103, 'Pokémon HOME', 'PokemonHOME', 'Pokémon', '2020-02-12'),
	(104, 'Pokémon Mundo Misterioso Equipo de Rescate DX', 'PokemonMundoMisteriosoEquipodeRescateDX', 'Pokémon', '2020-03-06'),
	(105, 'Pokémon Smile', 'PokemonSmile', 'Pokémon', '2020-06-17'),
	(106, 'Pokémon Café ReMix', 'PokemonCafeReMix', 'Pokémon', '2020-06-23'),
	(107, 'New Pokémon Snap', 'NewPokemonSnap', 'Pokémon', '2021-04-30'),
	(108, 'Pokémon Unite', 'PokemonUnite', 'Pokémon', '2021-07-21'),
	(109, 'Pokémon Diamante Brillante', 'PokemonDiamanteBrillante', 'Pokémon', '2021-11-19'),
	(110, 'Pokémon Perla Reluciente', 'PokemonPerlaReluciente', 'Pokémon', '2021-11-19'),
	(111, 'Pokémon Arceus', 'PokemonArceus', 'Pokémon', '2022-01-28'),
	(112, 'Pokémon Escarlata', 'PokemonEscarlata', 'Pokémon', '2022-11-18'),
	(113, 'Pokémon Púrpura', 'PokemonPurpura', 'Pokémon', '2022-11-18'),
	(114, 'Detective Pikachu: El Regreso', 'DetectivePikachuElRegreso', 'Pokémon', '2023-10-06'),
	(115, 'Bravely Default', 'BravelyDefault', NULL, NULL),
	(116, 'Bravely Second: End Layer', 'BravelySecondEndLayer', NULL, NULL),
	(117, 'Super Mario 3D Land', 'SuperMario3DLand', NULL, NULL),
	(118, 'The Legend of Zelda: A Link Between Worlds', 'TheLegendofZeldaALinkBetweenWorlds', NULL, NULL),
	(119, 'Xenoblade Chronicles 3D', 'XenobladeChronicles3D', 'Xenoblade', NULL),
	(120, 'Animal Crossing: Wild World', 'AnimalCrossingWildWorld', NULL, NULL),
	(121, 'Dragon Quest IX: Centinelas del firmamento', 'DragonQuestIXCentinelasdelfirmamento', NULL, NULL),
	(122, 'Dream Pinball 3D', 'DreamPinball3D', NULL, NULL),
	(123, 'Final Fantasy III', 'FinalFantasyIII', 'Final Fantasy', NULL),
	(124, 'Final Fantasy IV', 'FinalFantasyIV', 'Final Fantasy', NULL),
	(125, 'Final Fantasy XII: Revenant Wings', 'FinalFantasyXIIRevenantWings', 'Final Fantasy', NULL),
	(126, 'Lego Batman 2: DC Super Heroes', 'LegoBatman2DCSuperHeroes', NULL, NULL),
	(127, 'Lego El Señor de los Anillos', 'LegoElSeordelosAnillos', NULL, NULL),
	(128, 'Lego Piratas del Caribe', 'LegoPiratasdelCaribe', NULL, NULL),
	(129, 'Lego Star Wars: The Complete Saga', 'LegoStarWarsTheCompleteSaga', NULL, NULL),
	(130, 'Mario Kart DS', 'MarioKartDS', NULL, NULL),
	(131, 'Mario & Luigi: Partners in Time', 'MarioLuigiPartnersinTime', NULL, NULL),
	(132, 'New Super Mario Bros.', 'NewSuperMarioBros', NULL, NULL),
	(133, 'Nintendogs - Labrador y Compañía', 'NintendogsLabradoryCompaia', NULL, NULL),
	(134, 'Sonic & Sega All-Stars Racing', 'SonicSegaAllStarsRacing', NULL, NULL),
	(135, 'Tetris DS', 'TetrisDS', NULL, NULL),
	(136, 'The Legend of Zelda: Phantom Hourglass', 'TheLegendofZeldaPhantomHourglass', NULL, NULL),
	(137, 'Wario Ware Touched!', 'WarioWareTouched', NULL, NULL),
	(138, 'Adventure Island II - Aliens in Paradise', 'AdventureIslandIIAliensinParadise', NULL, NULL),
	(139, 'Battle City', 'BattleCity', NULL, NULL),
	(140, 'Castlevania II: Belmont\'s Revenge', 'CastlevaniaIIBelmontsRevenge', NULL, NULL),
	(141, 'Castlevania Legends', 'CastlevaniaLegends', NULL, NULL),
	(142, 'Catrap', 'Catrap', NULL, NULL),
	(143, 'Contra III: The Alien Wars', 'ContraIIITheAlienWars', NULL, NULL),
	(144, 'Donkey Kong', 'DonkeyKong', NULL, NULL),
	(145, 'Donkey Kong Land', 'DonkeyKongLand', NULL, NULL),
	(146, 'Donkey Kong Land 2', 'DonkeyKongLand2', NULL, NULL),
	(147, 'Donkey Kong Land III', 'DonkeyKongLandIII', NULL, NULL),
	(148, 'Dr. Mario', 'DrMario', NULL, NULL),
	(149, 'F-1 Race', 'F1Race', NULL, NULL),
	(150, 'Final Fantasy Adventure', 'FinalFantasyAdventure', 'Final Fantasy', NULL),
	(151, 'Game & Watch Gallery', 'GameWatchGallery', NULL, NULL),
	(152, 'Kirby\'s Dream Land', 'KirbysDreamLand', NULL, NULL),
	(153, 'Metroid II: Return of Samus', 'MetroidIIReturnofSamus', 'Metroid', NULL),
	(154, 'Pac-Man', 'PacMan', NULL, NULL),
	(155, 'R-Type', 'RType', NULL, NULL),
	(156, 'Star Wars', 'StarWars', NULL, NULL),
	(157, 'Super Mario Land', 'SuperMarioLand', NULL, NULL),
	(158, 'Super Mario Land 2: 6 Golden Coins', 'SuperMarioLand26GoldenCoins', NULL, NULL),
	(159, 'Super R.C. Pro-Am', 'SuperRCProAm', NULL, NULL),
	(160, 'Tetris', 'Tetris', NULL, NULL),
	(161, 'Tetris DX', 'TetrisDX', NULL, NULL),
	(162, 'The Legend of Zelda: Link\'s Awakening', 'TheLegendofZeldaLinksAwakening', NULL, NULL),
	(163, 'Wario Land: Super Mario Land 3', 'WarioLandSuperMarioLand3', NULL, NULL),
	(164, 'Worms', 'Worms', NULL, NULL),
	(165, 'BattleBots: Beyond the BattleBox', 'BattleBotsBeyondtheBattleBox', NULL, NULL),
	(166, 'Breath of Fire', 'BreathofFire', NULL, NULL),
	(167, 'Donkey Kong Country', 'DonkeyKongCountry', NULL, NULL),
	(168, 'Fire Emblem: The Binding Blade', 'FireEmblemTheBindingBlade', 'Fire Emblem', NULL),
	(169, 'Fire Emblem: The Blazing Blade', 'FireEmblemTheBlazingBlade', 'Fire Emblem', NULL),
	(170, 'Fire Emblem: The Sacred Stones', 'FireEmblemTheSacredStones', 'Fire Emblem', NULL),
	(171, 'Golden Sun II: La Edad Perdida', 'GoldenSunIILaEdadPerdida', NULL, NULL),
	(172, 'Kirby & The Amazing Mirror', 'KirbyTheAmazingMirror', NULL, NULL),
	(173, 'Los Urbz: Sims en la ciudad', 'LosUrbzSimsenlaciudad', NULL, NULL),
	(174, 'Medabots: Metabee', 'MedabotsMetabee', NULL, NULL),
	(175, 'Medabots: Rokusho', 'MedabotsRokusho', NULL, NULL),
	(176, 'Super Mario Bros. 3 Super Mario Advance 4', 'SuperMarioBros3SuperMarioAdvance4', NULL, NULL),
	(177, 'Super Mario World: Super Mario Advance 2', 'SuperMarioWorldSuperMarioAdvance2', NULL, NULL),
	(178, 'The Lost Vikings', 'TheLostVikings', NULL, NULL),
	(179, 'V-Rally 3', 'VRally3', NULL, NULL),
	(180, 'Wario Land 4', 'WarioLand4', NULL, NULL),
	(181, 'WarioWare, Inc.: Mega Microgames!', 'WarioWareIncMegaMicrogames', NULL, NULL),
	(182, 'Yoshi\'s Island: Super Mario Advance 3', 'YoshisIslandSuperMarioAdvance3', NULL, NULL),
	(183, 'Yoshi\'s Universal Gravitation', 'YoshisUniversalGravitation', NULL, NULL),
	(184, 'Harry Potter and the Chamber of Secrets', 'HarryPotterandtheChamberofSecrets', NULL, NULL),
	(185, 'Rampage: World Tour', 'RampageWorldTour', NULL, NULL),
	(186, 'Uno', 'Uno', NULL, NULL),
	(187, 'Wario Land 3', 'WarioLand3', NULL, NULL),
	(188, 'Yu-Gi-Oh! Duelo en las Tinieblas', 'YuGiOhDueloenlasTinieblas', NULL, NULL),
	(189, 'Blur', 'Blur', NULL, NULL),
	(190, 'Borderlands 3', 'Borderlands3', NULL, NULL),
	(191, 'Burnout Paradise', 'BurnoutParadise', NULL, NULL),
	(192, 'Call of Duty Advance Warfare', 'CallofDutyAdvanceWarfare', NULL, NULL),
	(193, 'Call of Duty Black Ops II', 'CallofDutyBlackOpsII', NULL, NULL),
	(194, 'Colin Mcrae Rally 2.0', 'ColinMcraeRally20', NULL, NULL),
	(195, 'Command & Conquer Generals', 'CommandConquerGenerals', NULL, NULL),
	(196, 'Fallout 4', 'Fallout4', NULL, NULL),
	(197, 'Fallout 76', 'Fallout76', NULL, NULL),
	(198, 'Fifa 06', 'Fifa06', NULL, NULL),
	(199, 'Flatout', 'Flatout', NULL, NULL),
	(200, 'Grand Theft Auto Espisodes from Liberty City', 'GrandTheftAutoEspisodesfromLibertyCity', NULL, NULL),
	(201, 'Imperium I', 'ImperiumI', NULL, NULL),
	(202, 'Imperium III', 'ImperiumIII', NULL, NULL),
	(203, 'Industry Giant', 'IndustryGiant', NULL, NULL),
	(204, 'League of Legends', 'LeagueofLegends', NULL, NULL),
	(205, 'Los Sims Deluxe Edition', 'LosSimsDeluxeEdition', NULL, NULL),
	(206, 'Mass Effect Andromeda', 'MassEffectAndromeda', NULL, NULL),
	(207, 'NBA 2K14', 'NBA2K14', NULL, NULL),
	(208, 'Patrician III', 'PatricianIII', NULL, NULL),
	(209, 'Port Royale', 'PortRoyale', NULL, NULL),
	(210, 'Pro Evolution Soccer 2009', 'ProEvolutionSoccer2009', NULL, NULL),
	(211, 'Red Dead Redemption 2', 'RedDeadRedemption2', NULL, NULL),
	(212, 'Sacred 2', 'Sacred2', NULL, NULL),
	(213, 'Trackmania Turbo', 'TrackmaniaTurbo', NULL, NULL),
	(214, 'Trackmania United', 'TrackmaniaUnited', NULL, NULL),
	(215, 'Watchdogs', 'Watchdogs', NULL, NULL),
	(216, 'Crash Team Racing', 'CrashTeamRacing', NULL, NULL),
	(217, 'Destruction Derby', 'DestructionDerby', NULL, NULL),
	(218, 'Destruction Derby 2', 'DestructionDerby2', NULL, NULL),
	(219, 'Digimon Rumble Arena', 'DigimonRumbleArena', NULL, NULL),
	(220, 'Driver', 'Driver', NULL, NULL),
	(221, 'Final Fantasy VII', 'FinalFantasyVII', 'Final Fantasy', NULL),
	(222, 'Medievil', 'Medievil', NULL, NULL),
	(223, 'R4: Ridge Racer Type 4', 'R4RidgeRacerType4', NULL, NULL),
	(224, 'Ridge Racer', 'RidgeRacer', NULL, NULL),
	(225, 'Street Fighter EX Plus Alpha', 'StreetFighterEXPlusAlpha', NULL, NULL),
	(226, 'Tekken 3', 'Tekken3', NULL, NULL),
	(227, 'The Legend of Dragoon', 'TheLegendofDragoon', NULL, NULL),
	(228, 'Tomby', 'Tomby', NULL, NULL),
	(229, 'Twisted Metal 4', 'TwistedMetal4', NULL, NULL),
	(230, 'Wipeout XL', 'WipeoutXL', NULL, NULL),
	(231, 'Driver Parallel Lines', 'DriverParallelLines', NULL, NULL),
	(232, 'Fifa 07', 'Fifa07', NULL, NULL),
	(233, 'Final Fantasy X', 'FinalFantasyX', 'Final Fantasy', NULL),
	(234, 'Guitar Hero Aerosmith', 'GuitarHeroAerosmith', NULL, NULL),
	(235, 'Guitar Hero Metallica', 'GuitarHeroMetallica', NULL, NULL),
	(236, 'Need for Speed Underground 2', 'NeedforSpeedUnderground2', 'Need for Speed', NULL),
	(237, 'ATV Offroad Fury Pro', 'ATVOffroadFuryPro', NULL, NULL),
	(238, 'Burnout Dominator', 'BurnoutDominator', NULL, NULL),
	(239, 'Burnout Legends', 'BurnoutLegends', NULL, NULL),
	(240, 'Cover Girl', 'CoverGirl', NULL, NULL),
	(241, 'Crash Tag Team Racing', 'CrashTagTeamRacing', NULL, NULL),
	(242, 'Crazy Taxi Fare Wars', 'CrazyTaxiFareWars', NULL, NULL),
	(243, 'Digimon Adventure', 'DigimonAdventure', NULL, NULL),
	(244, 'Dirt 2', 'Dirt2', NULL, NULL),
	(245, 'Driver 76', 'Driver76', NULL, NULL),
	(246, 'Echochrome', 'Echochrome', NULL, NULL),
	(247, 'Exit', 'Exit', NULL, NULL),
	(248, 'Eyepet', 'Eyepet', NULL, NULL),
	(249, 'F1 2006', 'F12006', NULL, NULL),
	(250, 'F1 2009', 'F12009', NULL, NULL),
	(251, 'F1 Grand Prix', 'F1GrandPrix', NULL, NULL),
	(252, 'Fieldrunners', 'Fieldrunners', NULL, NULL),
	(253, 'Final Fantasy Crisis Core', 'FinalFantasyCrisisCore', 'Final Fantasy', NULL),
	(254, 'Final Fantasy Dissidia', 'FinalFantasyDissidia', 'Final Fantasy', NULL),
	(255, 'Fired Up', 'FiredUp', NULL, NULL),
	(256, 'Flatout Head On', 'FlatoutHeadOn', NULL, NULL),
	(257, 'flOw', 'flOw', NULL, NULL),
	(258, 'Gangs of London', 'GangsofLondon', NULL, NULL),
	(259, 'God of War Chains of Olympus', 'GodofWarChainsofOlympus', NULL, NULL),
	(260, 'God of War Ghost of Sparta', 'GodofWarGhostofSparta', NULL, NULL),
	(261, 'Go! Sudoku', 'GoSudoku', NULL, NULL),
	(262, 'Grand Theft Auto Chinatown Wars', 'GrandTheftAutoChinatownWars', NULL, NULL),
	(263, 'Grand Theft Auto Liberty City', 'GrandTheftAutoLibertyCity', NULL, NULL),
	(264, 'Grand Theft Auto Vice City', 'GrandTheftAutoViceCity', NULL, NULL),
	(265, 'Gran Turismo', 'GranTurismo', NULL, NULL),
	(266, 'Gran Turismo Edición Coleccionista', 'GranTurismoEdicionColeccionista', NULL, NULL),
	(267, 'GTI Club', 'GTIClub', NULL, NULL),
	(268, 'Invizimals La otra dimensión', 'InvizimalsLaotradimension', NULL, NULL),
	(269, 'Lego Batman', 'LegoBatman', NULL, NULL),
	(270, 'Lego Star Wars II', 'LegoStarWarsII', NULL, NULL),
	(271, 'Lego Star Wars III', 'LegoStarWarsIII', NULL, NULL),
	(272, 'Loco Roco', 'LocoRoco', NULL, NULL),
	(273, 'Los Sims 2', 'LosSims2', NULL, NULL),
	(274, 'M.A.C.H.', 'MACH', NULL, NULL),
	(275, 'Mercury Meltdown', 'MercuryMeltdown', NULL, NULL),
	(276, 'Midnight Club 3 DUB Edition', 'MidnightClub3DUBEdition', 'Midnight Club', NULL),
	(277, 'Midnight Club L.A. Remix', 'MidnightClubLARemix', 'Midnight Club', NULL),
	(278, 'ModNation Racers', 'ModNationRacers', NULL, NULL),
	(279, 'Monopoly Mini', 'MonopolyMini', NULL, NULL),
	(280, 'Monster Hunter Freedom', 'MonsterHunterFreedom', 'Monster Hunter', NULL),
	(281, 'Monster Hunter Freedom 2', 'MonsterHunterFreedom2', 'Monster Hunter', NULL),
	(282, 'Monster Hunter Freedom 3', 'MonsterHunterFreedom3', 'Monster Hunter', NULL),
	(283, 'Monster Hunter Freedom Unite', 'MonsterHunterFreedomUnite', 'Monster Hunter', NULL),
	(284, 'Monster Jam Urban Assault', 'MonsterJamUrbanAssault', NULL, NULL),
	(285, 'Motorstorm Artic Edge', 'MotorstormArticEdge', NULL, NULL),
	(286, 'Mytran Wars', 'MytranWars', NULL, NULL),
	(287, 'NBA Live 09', 'NBALive09', NULL, NULL),
	(288, 'Need for Speed Carbono', 'NeedforSpeedCarbono', 'Need for Speed', NULL),
	(289, 'Need for Speed Shift', 'NeedforSpeedShift', 'Need for Speed', NULL),
	(290, 'PlayChapas', 'PlayChapas', NULL, NULL),
	(291, 'Ridge Racer 2', 'RidgeRacer2', NULL, NULL),
	(292, 'Rock Band Unplugged', 'RockBandUnplugged', NULL, NULL),
	(293, 'Street Supremacy', 'StreetSupremacy', NULL, NULL),
	(294, 'Tekken 6', 'Tekken6', NULL, NULL),
	(295, 'Tekken Dark Resurrection', 'TekkenDarkResurrection', NULL, NULL),
	(296, 'Tetris Mini', 'TetrisMini', NULL, NULL),
	(297, 'The Eye of Judgment: Legends', 'TheEyeofJudgmentLegends', NULL, NULL),
	(298, 'Twisted Metal Head On', 'TwistedMetalHeadOn', NULL, NULL),
	(299, 'Uno Mini', 'UnoMini', NULL, NULL),
	(300, 'Warhammer 40000 Squad Command', 'Warhammer40000SquadCommand', NULL, NULL),
	(301, 'Wipeout Pulse', 'WipeoutPulse', NULL, NULL),
	(302, 'Wipeout Pure', 'WipeoutPure', NULL, NULL),
	(303, 'WRC', 'WRC', NULL, NULL),
	(304, 'Yu-Gi-Oh! GX Tag Force', 'YuGiOhGXTagForce', NULL, NULL),
	(305, 'Yu-Gi-Oh! GX Tag Force 3', 'YuGiOhGXTagForce3', NULL, NULL),
	(306, '#RaceDieRun', 'RaceDieRun', NULL, NULL),
	(307, '1-2-Switch', '12Switch', NULL, NULL),
	(308, 'Advance Wars 1+2: Re-Boot Camp', 'AdvanceWars12ReBootCamp', NULL, NULL),
	(309, 'Animal Crossing: New Horizons', 'AnimalCrossingNewHorizons', NULL, NULL),
	(310, 'Asphalt 9: Legends', 'Asphalt9Legends', NULL, NULL),
	(311, 'Blasphemous', 'Blasphemous', NULL, NULL),
	(312, 'Bravely Default 2', 'BravelyDefault2', NULL, NULL),
	(313, 'Burnout Paradise Remastered', 'BurnoutParadiseRemastered', NULL, NULL),
	(314, 'Captain Toad: Treasure Tracker', 'CaptainToadTreasureTracker', NULL, NULL),
	(315, 'Chocobo GP', 'ChocoboGP', NULL, NULL),
	(316, 'Circuit Superstars', 'CircuitSuperstars', NULL, NULL),
	(317, 'Colorine Book', 'ColorineBook', NULL, NULL),
	(318, 'Convergence: A League of Legends Story', 'ConvergenceALeagueofLegendsStory', NULL, NULL),
	(319, 'Crash Team Racing Nitro-Fueled', 'CrashTeamRacingNitroFueled', NULL, NULL),
	(320, 'Cult of the Lamb', 'CultoftheLamb', NULL, NULL),
	(321, 'Cult of the Lamb: Deluxe Edition', 'CultoftheLambDeluxeEdition', NULL, NULL),
	(322, 'Diablo III: Eternal Collection', 'DiabloIIIEternalCollection', NULL, NULL),
	(323, 'Diablo II: Resurrected', 'DiabloIIResurrected', NULL, NULL),
	(324, 'Digimon Story Cyber Sleuth: Complete Edition', 'DigimonStoryCyberSleuthCompleteEdition', NULL, NULL),
	(325, 'Digimon Survive', 'DigimonSurvive', NULL, NULL),
	(326, 'Digimon World: Next Order', 'DigimonWorldNextOrder', NULL, NULL),
	(327, 'Disney Speedstorm', 'DisneySpeedstorm', NULL, NULL),
	(328, 'Dredge', 'Dredge', NULL, NULL),
	(329, 'Earthlock', 'Earthlock', NULL, NULL),
	(330, 'EQQO', 'EQQO', NULL, NULL),
	(331, 'Everybody 1-2-Switch!', 'Everybody12Switch', NULL, NULL),
	(332, 'Fast RMX', 'FastRMX', NULL, NULL),
	(333, 'Final Fantasy I', 'FinalFantasyI', 'Final Fantasy', NULL),
	(334, 'Final Fantasy II', 'FinalFantasyII', 'Final Fantasy', NULL),
	(335, 'Final Fantasy V', 'FinalFantasyV', 'Final Fantasy', NULL),
	(336, 'Final Fantasy VI', 'FinalFantasyVI', 'Final Fantasy', NULL),
	(337, 'Final Fantasy VII & Final Fantasy VIII Remastered', 'FinalFantasyVIIFinalFantasyVIIIRemastered', 'Final Fantasy', NULL),
	(338, 'Final Fantasy XII The Zodiac Age', 'FinalFantasyXIITheZodiacAge', 'Final Fantasy', NULL),
	(339, 'Fire Emblem Engage', 'FireEmblemEngage', 'Fire Emblem', NULL),
	(340, 'Fire Emblem: Three Houses', 'FireEmblemThreeHouses', 'Fire Emblem', NULL),
	(341, 'Fire Emblem Warriors: Three Hopes', 'FireEmblemWarriorsThreeHopes', 'Fire Emblem', NULL),
	(342, 'Geki Yaba Runner Anniversary Edition', 'GekiYabaRunnerAnniversaryEdition', NULL, NULL),
	(343, 'Hot Wheels Unleashed', 'HotWheelsUnleashed', NULL, NULL),
	(344, 'Keep Talking and Nobody Explodes', 'KeepTalkingandNobodyExplodes', NULL, NULL),
	(345, 'Kirby\'s Return to Dream Land Deluxe', 'KirbysReturntoDreamLandDeluxe', NULL, NULL),
	(346, 'Kirby y la tierra olvidada', 'Kirbyylatierraolvidada', NULL, NULL),
	(347, 'Koloro', 'Koloro', NULL, NULL),
	(348, 'Kung Fury: Street Rage - Ultimate Edition', 'KungFuryStreetRageUltimateEdition', NULL, NULL),
	(349, 'Lego 2K Drive', 'Lego2KDrive', NULL, NULL),
	(350, 'Lego Brawls', 'LegoBrawls', NULL, NULL),
	(351, 'Lego Bricktales', 'LegoBricktales', NULL, NULL),
	(352, 'Lego Star Wars: The Skywalker Saga', 'LegoStarWarsTheSkywalkerSaga', NULL, NULL),
	(353, 'Live a Live', 'LiveaLive', NULL, NULL),
	(354, 'Luigi\'s Mansion 3', 'LuigisMansion3', NULL, NULL),
	(355, 'Lydia', 'Lydia', NULL, NULL),
	(356, 'Mana Spark', 'ManaSpark', NULL, NULL),
	(357, 'Mario Golf: Super Rush', 'MarioGolfSuperRush', NULL, NULL),
	(358, 'Mario Kart 8 Deluxe', 'MarioKart8Deluxe', NULL, NULL),
	(359, 'Mario Party Superstars', 'MarioPartySuperstars', NULL, NULL),
	(360, 'Mario + Rabbids Kingdom Battle', 'MarioRabbidsKingdomBattle', NULL, NULL),
	(361, 'Mario + Rabbids Sparks of Hope', 'MarioRabbidsSparksofHope', NULL, NULL),
	(362, 'Mario Strikers Battle League Football', 'MarioStrikersBattleLeagueFootball', NULL, NULL),
	(363, 'Mario Tennis Aces', 'MarioTennisAces', NULL, NULL),
	(364, 'Metroid Dread', 'MetroidDread', 'Metroid', NULL),
	(365, 'Metroid Prime Remastered', 'MetroidPrimeRemastered', 'Metroid', NULL),
	(366, 'Minecraft Legends', 'MinecraftLegends', NULL, NULL),
	(367, 'Monster Hunter Stories: 2 Wings of Ruin', 'MonsterHunterStories2WingsofRuin', 'Monster Hunter', NULL),
	(368, 'NBA 2K20', 'NBA2K20', NULL, NULL),
	(369, 'NBA 2K Playgrounds 2', 'NBA2KPlaygrounds2', NULL, NULL),
	(370, 'New Super Mario Bros. U Deluxe', 'NewSuperMarioBrosUDeluxe', NULL, NULL),
	(371, 'Nexomon Extincion', 'NexomonExtincion', NULL, NULL),
	(372, 'Nickelodeon Kart Racers 3: Slime Speedway', 'NickelodeonKartRacers3SlimeSpeedway', NULL, NULL),
	(373, 'NieR:Automata The End of YoRHa Edition', 'NieRAutomataTheEndofYoRHaEdition', NULL, NULL),
	(374, 'Nintendo Switch Sports', 'NintendoSwitchSports', NULL, NULL),
	(375, 'Octopath Traveler II', 'OctopathTravelerII', NULL, NULL),
	(376, 'One Strike', 'OneStrike', NULL, NULL),
	(377, 'Overcooked! 2', 'Overcooked2', NULL, NULL),
	(378, 'Overcooked! All You Can Eat', 'OvercookedAllYouCanEat', NULL, NULL),
	(379, 'Paper Mario: The Origami King', 'PaperMarioTheOrigamiKing', NULL, NULL),
	(380, 'Persona 3 Portable', 'Persona3Portable', 'Persona', NULL),
	(381, 'Persona 4 Golden', 'Persona4Golden', 'Persona', NULL),
	(382, 'Persona 5 Royal', 'Persona5Royal', 'Persona', NULL),
	(383, 'Pikmin 1', 'Pikmin1', 'Pikmin', NULL),
	(384, 'Pikmin 2', 'Pikmin2', 'Pikmin', NULL),
	(385, 'Pikmin 3', 'Pikmin3', 'Pikmin', NULL),
	(386, 'Pixel Cup Soccer', 'PixelCupSoccer', NULL, NULL),
	(387, 'Puyo Puyo Tetris', 'PuyoPuyoTetris', NULL, NULL),
	(388, 'Puyo Puyo Tetris 2', 'PuyoPuyoTetris2', NULL, NULL),
	(389, 'Puzzle Bobble Everybubble!', 'PuzzleBobbleEverybubble', NULL, NULL),
	(390, 'Puzzle Book', 'PuzzleBook', NULL, NULL),
	(391, 'Rabbids: Party of Legends', 'RabbidsPartyofLegends', NULL, NULL),
	(392, 'Ramp Car Jumping', 'RampCarJumping', NULL, NULL),
	(393, 'Rekt', 'Rekt', NULL, NULL),
	(394, 'Road Redemption', 'RoadRedemption', NULL, NULL),
	(395, 'Robonauts', 'Robonauts', NULL, NULL),
	(396, 'Rocket League', 'RocketLeague', NULL, NULL),
	(397, 'Soul Searching', 'SoulSearching', NULL, NULL),
	(398, 'Space Pioneer', 'SpacePioneer', NULL, NULL),
	(399, 'Splatoon 3', 'Splatoon3', 'Splatoon', NULL),
	(400, 'Super Chariot', 'SuperChariot', NULL, NULL),
	(401, 'Super Dungeon Maker', 'SuperDungeonMaker', NULL, NULL),
	(402, 'Super Mario 3D World + Bowser\'s Fury', 'SuperMario3DWorldBowsersFury', NULL, NULL),
	(403, 'Super Mario Bros 35', 'SuperMarioBros35', NULL, NULL),
	(404, 'Super Mario Odyssey', 'SuperMarioOdyssey', NULL, NULL),
	(405, 'Super Mario Party', 'SuperMarioParty', NULL, NULL),
	(406, 'Super Mario RPG', 'SuperMarioRPG', NULL, NULL),
	(407, 'Super Smash Bros.', 'SuperSmashBros', NULL, NULL),
	(408, 'Surgeon Simulator CPR', 'SurgeonSimulatorCPR', NULL, NULL),
	(409, 'Taiko no Tatsujin: Rhythm Festival', 'TaikonoTatsujinRhythmFestival', NULL, NULL),
	(410, 'Temtem', 'Temtem', NULL, NULL),
	(411, 'Tetris 99', 'Tetris99', NULL, NULL),
	(412, 'The Binding of Isaac: Rebirth', 'TheBindingofIsaacRebirth', NULL, NULL),
	(413, 'The Jackbox Party Pack 5', 'TheJackboxPartyPack5', NULL, NULL),
	(414, 'The Legend of Zelda: Breath of the Wild', 'TheLegendofZeldaBreathoftheWild', NULL, NULL),
	(415, 'The Legend of Zelda: Tears of the Kingdom', 'TheLegendofZeldaTearsoftheKingdom', NULL, NULL),
	(416, 'The Mageseeker: A League of Legends Story', 'TheMageseekerALeagueofLegendsStory', NULL, NULL),
	(417, 'The Pinball Arcade', 'ThePinballArcade', NULL, NULL),
	(418, 'The Wonderful 101: Remastered', 'TheWonderful101Remastered', NULL, NULL),
	(419, 'Triangle Strategy', 'TriangleStrategy', NULL, NULL),
	(420, 'Tricky Towers', 'TrickyTowers', NULL, NULL),
	(421, 'TUNIC', 'TUNIC', NULL, NULL),
	(422, 'Ultra Mega Xtra Party Challenge', 'UltraMegaXtraPartyChallenge', NULL, NULL),
	(423, 'WarioWare: Get It Together!', 'WarioWareGetItTogether', NULL, NULL),
	(424, 'Warp Drive', 'WarpDrive', NULL, NULL),
	(425, 'Wreckin Ball Adventure', 'WreckinBallAdventure', NULL, NULL),
	(426, 'Xenoblade Chronicles', 'XenobladeChronicles', 'Xenoblade', NULL),
	(427, 'Xenoblade Chronicles 2', 'XenobladeChronicles2', 'Xenoblade', NULL),
	(428, 'Xenoblade Chronicles 2: Torna The Golden Country', 'XenobladeChronicles2TornaTheGoldenCountry', 'Xenoblade', NULL),
	(429, 'Xenoblade Chronicles 3', 'XenobladeChronicles3', 'Xenoblade', NULL),
	(430, 'Yo-kai Watch', 'YokaiWatch', NULL, NULL),
	(431, 'Yoshi\'s Crafted World', 'YoshisCraftedWorld', NULL, NULL),
	(432, 'Hyrule Warriors', 'HyruleWarriors', NULL, NULL),
	(433, 'Mario Kart 8', 'MarioKart8', NULL, NULL),
	(434, 'Monster Hunter 3 Ultimate', 'MonsterHunter3Ultimate', 'Monster Hunter', NULL),
	(435, 'Splatoon', 'Splatoon', 'Splatoon', NULL),
	(436, 'Xenoblade Chronicles X', 'XenobladeChroniclesX', 'Xenoblade', NULL),
	(437, 'Yoshi\'s Wolly World', 'YoshisWollyWorld', NULL, NULL),
	(438, 'Splatoon 2', 'Splatoon2', 'Splatoon', NULL),
	(439, 'Punch Club 2: Fast Forward', 'PunchClub2FastForward', NULL, '2023-07-20'),
	(441, 'South Park: The Stick of Truth', 'SouthParkTheStickofTruth', NULL, NULL),
	(442, 'Pikmin 4', 'Pikmin4', 'Pikmin', NULL);

-- Volcando estructura para tabla coleccion.JUEGO_X_PLATAFORMA
CREATE TABLE IF NOT EXISTS `JUEGO_X_PLATAFORMA` (
  `JUEGO_ID` int(11) NOT NULL,
  `PLATAFORMA_ID` int(11) NOT NULL,
  PRIMARY KEY (`JUEGO_ID`,`PLATAFORMA_ID`),
  KEY `PLAT_ID_JXP_FK` (`PLATAFORMA_ID`),
  CONSTRAINT `JUEGO_ID_JXP_FK` FOREIGN KEY (`JUEGO_ID`) REFERENCES `JUEGO` (`ID`) ON DELETE NO ACTION ON UPDATE NO ACTION,
  CONSTRAINT `PLAT_ID_JXP_FK` FOREIGN KEY (`PLATAFORMA_ID`) REFERENCES `PLATAFORMA` (`ID`) ON DELETE NO ACTION ON UPDATE NO ACTION
) ENGINE=InnoDB DEFAULT CHARSET=utf8;

-- Volcando datos para la tabla coleccion.JUEGO_X_PLATAFORMA: ~0 rows (aproximadamente)
DELETE FROM `JUEGO_X_PLATAFORMA`;

-- Volcando estructura para tabla coleccion.JUGADO
CREATE TABLE IF NOT EXISTS `JUGADO` (
  `ID` int(11) NOT NULL AUTO_INCREMENT,
  `JUEGO_ID` int(11) NOT NULL,
  `PLATAFORMA_ID` int(11) DEFAULT NULL,
  `ESTADO_JUGADO_ID` int(11) NOT NULL,
  `PORCENTAJE` int(11) DEFAULT NULL,
  `HORAS` decimal(20,6) DEFAULT NULL,
  `HISTORIA_COMPLETA` bit(1) DEFAULT NULL,
  `NOTAS` varchar(500) DEFAULT NULL,
  `FECHA_INICIO` date DEFAULT NULL,
  `FECHA_FIN` date DEFAULT NULL,
  PRIMARY KEY (`ID`),
  KEY `JUEGO_ID_J_FK` (`JUEGO_ID`),
  KEY `PLAT_ID_J_FK` (`PLATAFORMA_ID`),
  KEY `ESTADO_J_FK` (`ESTADO_JUGADO_ID`),
  CONSTRAINT `ESTADO_J_FK` FOREIGN KEY (`ESTADO_JUGADO_ID`) REFERENCES `ESTADO` (`ID`) ON DELETE NO ACTION ON UPDATE NO ACTION,
  CONSTRAINT `JUEGO_ID_J_FK` FOREIGN KEY (`JUEGO_ID`) REFERENCES `JUEGO` (`ID`) ON DELETE NO ACTION ON UPDATE NO ACTION,
  CONSTRAINT `PLAT_ID_J_FK` FOREIGN KEY (`PLATAFORMA_ID`) REFERENCES `PLATAFORMA` (`ID`) ON DELETE NO ACTION ON UPDATE NO ACTION
) ENGINE=InnoDB AUTO_INCREMENT=3 DEFAULT CHARSET=utf8;

-- Volcando datos para la tabla coleccion.JUGADO: ~0 rows (aproximadamente)
DELETE FROM `JUGADO`;
INSERT INTO `JUGADO` (`ID`, `JUEGO_ID`, `PLATAFORMA_ID`, `ESTADO_JUGADO_ID`, `PORCENTAJE`, `HORAS`, `HISTORIA_COMPLETA`, `NOTAS`, `FECHA_INICIO`, `FECHA_FIN`) VALUES
	(1, 320, 15, 15, 75, 27.000000, b'1', NULL, NULL, '2023-07-16'),
	(2, 188, 8, 15, 100, 10.000000, b'1', 'Jugado en la GBA con el EzFlash', NULL, '2023-07-23');

-- Volcando estructura para tabla coleccion.PLATAFORMA
CREATE TABLE IF NOT EXISTS `PLATAFORMA` (
  `ID` int(11) NOT NULL AUTO_INCREMENT,
  `NOMBRE` varchar(255) NOT NULL,
  `CORTO` varchar(50) DEFAULT NULL,
  PRIMARY KEY (`ID`),
  UNIQUE KEY `NOMBRE_PLAT_UK` (`NOMBRE`)
) ENGINE=InnoDB AUTO_INCREMENT=25 DEFAULT CHARSET=utf8;

-- Volcando datos para la tabla coleccion.PLATAFORMA: ~22 rows (aproximadamente)
DELETE FROM `PLATAFORMA`;
INSERT INTO `PLATAFORMA` (`ID`, `NOMBRE`, `CORTO`) VALUES
	(1, '3DS', NULL),
	(2, 'Android', NULL),
	(3, 'Arcade', NULL),
	(4, 'DS', NULL),
	(5, 'Game Cube', 'GC'),
	(6, 'Game Boy', 'GB'),
	(7, 'Game Boy Advance', 'GBA'),
	(8, 'Game Boy Color', 'GBC'),
	(9, 'Nintendo 64', 'N64'),
	(10, 'Otros', NULL),
	(11, 'PC', NULL),
	(12, 'Play Station', 'PS1'),
	(13, 'Play Station 2', 'PS2'),
	(14, 'Play Station Portable', 'PSP'),
	(15, 'Switch', NULL),
	(16, 'Wii', NULL),
	(17, 'Wii U', NULL),
	(18, 'Xbox', NULL),
	(19, 'Xbox 360', NULL),
	(20, 'Xbox One', NULL),
	(21, 'Xbox Series', NULL),
	(22, 'Play Station 3', 'PS3'),
	(23, 'Play Station 4', 'PS4'),
	(24, 'Play Station 5', 'PS5');

-- Volcando estructura para tabla coleccion.REGION
CREATE TABLE IF NOT EXISTS `REGION` (
  `ID` int(11) NOT NULL AUTO_INCREMENT,
  `DESCRIPCION` varchar(50) NOT NULL,
  `CORTO` varchar(50) NOT NULL,
  PRIMARY KEY (`ID`) USING BTREE,
  UNIQUE KEY `DESC_CORTO_R_UK` (`DESCRIPCION`,`CORTO`) USING BTREE
) ENGINE=InnoDB AUTO_INCREMENT=4 DEFAULT CHARSET=utf8;

-- Volcando datos para la tabla coleccion.REGION: ~2 rows (aproximadamente)
DELETE FROM `REGION`;
INSERT INTO `REGION` (`ID`, `DESCRIPCION`, `CORTO`) VALUES
	(1, 'América', 'USA'),
	(3, 'Asia', 'AS'),
	(2, 'Europa', 'EU');

-- Volcando estructura para tabla coleccion.ROM
CREATE TABLE IF NOT EXISTS `ROM` (
  `ID` int(11) NOT NULL AUTO_INCREMENT,
  `JUEGO_ID` int(11) NOT NULL,
  `PLATAFORMA_ID` int(11) DEFAULT NULL,
  `NOMBRE_ROM` varchar(255) DEFAULT NULL,
  `NOMBRE_ROM_EXT` varchar(255) DEFAULT NULL,
  `IDIOMA_ID` int(11) DEFAULT NULL,
  `REGION_ID` int(11) DEFAULT NULL,
  `TIPO_ROM_ID` int(11) DEFAULT NULL,
  `FECHA_DESCARGA` date DEFAULT current_timestamp(),
  PRIMARY KEY (`ID`),
  KEY `JUEGO_ID_R_FK` (`JUEGO_ID`),
  KEY `PLAT_ID_R_FK` (`PLATAFORMA_ID`),
  KEY `IDIOMA_ID_R_FK` (`IDIOMA_ID`),
  KEY `REGION_ID_R_FK` (`REGION_ID`),
  KEY `TIPO_ROM_ID_R_FK` (`TIPO_ROM_ID`),
  CONSTRAINT `IDIOMA_ID_R_FK` FOREIGN KEY (`IDIOMA_ID`) REFERENCES `IDIOMA` (`ID`) ON DELETE NO ACTION ON UPDATE NO ACTION,
  CONSTRAINT `JUEGO_ID_R_FK` FOREIGN KEY (`JUEGO_ID`) REFERENCES `JUEGO` (`ID`) ON DELETE NO ACTION ON UPDATE NO ACTION,
  CONSTRAINT `PLAT_ID_R_FK` FOREIGN KEY (`PLATAFORMA_ID`) REFERENCES `PLATAFORMA` (`ID`) ON DELETE NO ACTION ON UPDATE NO ACTION,
  CONSTRAINT `REGION_ID_R_FK` FOREIGN KEY (`REGION_ID`) REFERENCES `REGION` (`ID`) ON DELETE NO ACTION ON UPDATE NO ACTION,
  CONSTRAINT `TIPO_ROM_ID_R_FK` FOREIGN KEY (`TIPO_ROM_ID`) REFERENCES `TIPO_ROM` (`ID`) ON DELETE NO ACTION ON UPDATE NO ACTION
) ENGINE=InnoDB AUTO_INCREMENT=761 DEFAULT CHARSET=utf8;

-- Volcando datos para la tabla coleccion.ROM: ~271 rows (aproximadamente)
DELETE FROM `ROM`;
INSERT INTO `ROM` (`ID`, `JUEGO_ID`, `PLATAFORMA_ID`, `NOMBRE_ROM`, `NOMBRE_ROM_EXT`, `IDIOMA_ID`, `REGION_ID`, `TIPO_ROM_ID`, `FECHA_DESCARGA`) VALUES
	(280, 307, 15, '12Switch_EU', '12Switch_EU.nsp', NULL, 2, 10, NULL),
	(281, 308, 15, 'AdvanceWars12ReBootCamp_EU', 'AdvanceWars12ReBootCamp_EU.nsp', NULL, 2, 10, NULL),
	(282, 138, 6, 'AdventureIslandIIAliensinParadise_EU', 'AdventureIslandIIAliensinParadise_EU.gb', NULL, 2, 5, NULL),
	(283, 309, 15, 'AnimalCrossingNewHorizons_USA', 'AnimalCrossingNewHorizons_USA.nsp', NULL, 1, 10, NULL),
	(284, 120, 4, 'AnimalCrossingWildWorld_EU', 'AnimalCrossingWildWorld_EU.nds', NULL, 2, 9, NULL),
	(285, 237, 14, 'ATVOffroadFuryPro_EU', 'ATVOffroadFuryPro_EU.iso', NULL, 2, 8, NULL),
	(286, 139, 6, 'BattleCity_EU', 'BattleCity_EU.gb', NULL, 2, 5, NULL),
	(287, 165, 7, 'BattleBotsBeyondtheBattleBox_EN', 'BattleBotsBeyondtheBattleBox_EN.gba', 2, NULL, 6, NULL),
	(288, 311, 15, 'Blasphemous_EU', 'Blasphemous_EU.nsp', NULL, 2, 10, NULL),
	(289, 312, 15, 'BravelyDefault2_EU', 'BravelyDefault2_EU.nsp', NULL, 2, 10, NULL),
	(290, 166, 7, 'BreathofFire_ES', 'BreathofFire_ES.gba', 1, NULL, 6, NULL),
	(291, 238, 14, 'BurnoutDominator_EU', 'BurnoutDominator_EU.iso', NULL, 2, 8, NULL),
	(292, 239, 14, 'BurnoutLegends_EU', 'BurnoutLegends_EU.iso', NULL, 2, 8, NULL),
	(293, 313, 15, 'BurnoutParadiseRemastered_USA', 'BurnoutParadiseRemastered_USA.nsp', NULL, 1, 10, NULL),
	(294, 314, 15, 'CaptainToadTreasureTracker_EU', 'CaptainToadTreasureTracker_EU.nsp', NULL, 2, 10, NULL),
	(295, 140, 6, 'CastlevaniaIIBelmontsRevenge_EU', 'CastlevaniaIIBelmontsRevenge_EU.gb', NULL, 2, 5, NULL),
	(296, 141, 6, 'CastlevaniaLegends_EU', 'CastlevaniaLegends_EU.gb', NULL, 2, 5, NULL),
	(297, 142, 6, 'Catrap_USA', 'Catrap_USA.gb', NULL, 1, 5, NULL),
	(298, 315, 15, 'ChocoboGP_USA', 'ChocoboGP_USA.nsp', NULL, 1, 10, NULL),
	(299, 316, 15, 'CircuitSuperstars_USA', 'CircuitSuperstars_USA.nsp', NULL, 1, 10, NULL),
	(300, 143, 6, 'ContraIIITheAlienWars_EU', 'ContraIIITheAlienWars_EU.gb', NULL, 2, 5, NULL),
	(301, 318, 15, 'ConvergenceALeagueofLegendsStory_USA', 'ConvergenceALeagueofLegendsStory_USA.nsp', NULL, 1, 10, NULL),
	(302, 240, 14, 'CoverGirl_EU', 'CoverGirl_EU.iso', NULL, 2, 8, NULL),
	(303, 241, 14, 'CrashTagTeamRacing_USA', 'CrashTagTeamRacing_USA.iso', NULL, 1, 8, NULL),
	(304, 216, 12, 'CrashTeamRacing_ES', 'CrashTeamRacing_ES.bin', 1, NULL, 2, NULL),
	(305, 242, 14, 'CrazyTaxiFareWars_EU', 'CrazyTaxiFareWars_EU.iso', NULL, 2, 8, NULL),
	(306, 320, 15, 'CultoftheLamb_USA', 'CultoftheLamb_USA.nsp', NULL, 1, 10, NULL),
	(307, 217, 12, 'DestructionDerby_EU', 'DestructionDerby_EU.chd', NULL, 2, 3, NULL),
	(308, 218, 12, 'DestructionDerby2_EU', 'DestructionDerby2_EU.chd', NULL, 2, 3, NULL),
	(309, 323, 15, 'DiabloIIResurrected_EU', 'DiabloIIResurrected_EU.nsp', NULL, 2, 10, NULL),
	(310, 322, 15, 'DiabloIIIEternalCollection_EU', 'DiabloIIIEternalCollection_EU.nsp', NULL, 2, 10, NULL),
	(311, 243, 14, 'DigimonAdventure_EN', 'DigimonAdventure_EN.iso', 2, NULL, 8, NULL),
	(312, 219, 12, 'DigimonRumbleArena_EU', 'DigimonRumbleArena_EU.bin', NULL, 2, 2, NULL),
	(313, 324, 15, 'DigimonStoryCyberSleuthCompleteEdition_USA', 'DigimonStoryCyberSleuthCompleteEdition_USA.nsp', NULL, 1, 10, NULL),
	(314, 325, 15, 'DigimonSurvive_USA', 'DigimonSurvive_USA.nsp', NULL, 1, 10, NULL),
	(315, 326, 15, 'DigimonWorldNextOrder_USA', 'DigimonWorldNextOrder_USA.xci', NULL, 1, 11, NULL),
	(316, 244, 14, 'Dirt2_EU', 'Dirt2_EU.iso', NULL, 2, 8, NULL),
	(317, 327, 15, 'DisneySpeedstorm_EU', 'DisneySpeedstorm_EU.nsp', NULL, 2, 10, NULL),
	(318, 144, 6, 'DonkeyKong_EN', 'DonkeyKong_EN.gb', 2, NULL, 5, NULL),
	(319, 167, 7, 'DonkeyKongCountry_EU', 'DonkeyKongCountry_EU.gba', NULL, 2, 6, NULL),
	(320, 145, 6, 'DonkeyKongLand_EU', 'DonkeyKongLand_EU.gb', NULL, 2, 5, NULL),
	(321, 146, 6, 'DonkeyKongLand2_EU', 'DonkeyKongLand2_EU.gb', NULL, 2, 5, NULL),
	(322, 147, 6, 'DonkeyKongLandIII_EU', 'DonkeyKongLandIII_EU.gb', NULL, 2, 5, NULL),
	(323, 148, 6, 'DrMario_EN', 'DrMario_EN.gb', 2, NULL, 5, NULL),
	(324, 121, 4, 'DragonQuestIXCentinelasdelfirmamento_EU', 'DragonQuestIXCentinelasdelfirmamento_EU.nds', NULL, 2, 9, NULL),
	(325, 122, 4, 'DreamPinball3D_EU', 'DreamPinball3D_EU.nds', NULL, 2, 9, NULL),
	(326, 328, 15, 'Dredge_USA', 'Dredge_USA.nsp', NULL, 1, 10, NULL),
	(327, 220, 12, 'Driver_EU', 'Driver_EU.chd', NULL, 2, 3, NULL),
	(328, 245, 14, 'Driver76_USA', 'Driver76_USA.iso', NULL, 1, 8, NULL),
	(329, 246, 14, 'Echochrome_EU', 'Echochrome_EU.iso', NULL, 2, 8, NULL),
	(330, 331, 15, 'Everybody12Switch_EU', 'Everybody12Switch_EU.nsp', NULL, 2, 10, NULL),
	(331, 247, 14, 'Exit_EU', 'Exit_EU.iso', NULL, 2, 8, NULL),
	(332, 248, 14, 'Eyepet_EU', 'Eyepet_EU.iso', NULL, 2, 8, NULL),
	(333, 248, 14, 'Eyepet_EU', 'Eyepet_EU.iso', NULL, 2, 8, NULL),
	(334, 149, 6, 'F1Race_EN', 'F1Race_EN.gb', 2, NULL, 5, NULL),
	(335, 249, 14, 'F12006_EU', 'F12006_EU.iso', NULL, 2, 8, NULL),
	(336, 250, 14, 'F12009_EU', 'F12009_EU.iso', NULL, 2, 8, NULL),
	(337, 251, 14, 'F1GrandPrix_EU', 'F1GrandPrix_EU.iso', NULL, 2, 8, NULL),
	(338, 252, 14, 'Fieldrunners_EN', 'Fieldrunners_EN.cso', 2, NULL, 4, NULL),
	(339, 150, 6, 'FinalFantasyAdventure_USA', 'FinalFantasyAdventure_USA.gb', NULL, 1, 5, NULL),
	(340, 253, 14, 'FinalFantasyCrisisCore_EU', 'FinalFantasyCrisisCore_EU.iso', NULL, 2, 8, NULL),
	(341, 253, 14, 'FinalFantasyCrisisCore_EU', 'FinalFantasyCrisisCore_EU.iso', NULL, 2, 8, NULL),
	(342, 253, 15, 'FinalFantasyCrisisCore_USA', 'FinalFantasyCrisisCore_USA.xci', NULL, 1, 11, NULL),
	(343, 254, 14, 'FinalFantasyDissidia_EU', 'FinalFantasyDissidia_EU.cso', NULL, 2, 4, NULL),
	(344, 333, 15, 'FinalFantasyI_EU', 'FinalFantasyI_EU.nsp', NULL, 2, 10, NULL),
	(345, 334, 15, 'FinalFantasyII_EU', 'FinalFantasyII_EU.nsp', NULL, 2, 10, NULL),
	(346, 123, 4, 'FinalFantasyIII_EU', 'FinalFantasyIII_EU.nds', NULL, 2, 9, NULL),
	(347, 123, 15, 'FinalFantasyIII_EU', 'FinalFantasyIII_EU.nsp', NULL, 2, 10, NULL),
	(348, 124, 4, 'FinalFantasyIV_EU', 'FinalFantasyIV_EU.nds', NULL, 2, 9, NULL),
	(349, 124, 15, 'FinalFantasyIV_EU', 'FinalFantasyIV_EU.nsp', NULL, 2, 10, NULL),
	(350, 335, 15, 'FinalFantasyV_EU', 'FinalFantasyV_EU.nsp', NULL, 2, 10, NULL),
	(351, 336, 15, 'FinalFantasyVI_EU', 'FinalFantasyVI_EU.nsp', NULL, 2, 10, NULL),
	(352, 125, 4, 'FinalFantasyXIIRevenantWings_EU', 'FinalFantasyXIIRevenantWings_EU.nds', NULL, 2, 9, NULL),
	(353, 339, 15, 'FireEmblemEngage_EU', 'FireEmblemEngage_EU.xci', NULL, 2, 11, NULL),
	(354, 341, 15, 'FireEmblemWarriorsThreeHopes_EU', 'FireEmblemWarriorsThreeHopes_EU.nsp', NULL, 2, 10, NULL),
	(355, 168, 7, 'FireEmblemTheBindingBlade_EU', 'FireEmblemTheBindingBlade_EU.gba', NULL, 2, 6, NULL),
	(356, 169, 7, 'FireEmblemTheBlazingBlade_EU', 'FireEmblemTheBlazingBlade_EU.gba', NULL, 2, 6, NULL),
	(357, 170, 7, 'FireEmblemTheSacredStones_EU', 'FireEmblemTheSacredStones_EU.gba', NULL, 2, 6, NULL),
	(358, 340, 15, 'FireEmblemThreeHouses_USA', 'FireEmblemThreeHouses_USA.nsp', NULL, 1, 10, NULL),
	(359, 255, 14, 'FiredUp_ES', 'FiredUp_ES.cso', 1, NULL, 4, NULL),
	(360, 256, 14, 'FlatoutHeadOn_EU', 'FlatoutHeadOn_EU.iso', NULL, 2, 8, NULL),
	(361, 257, 14, 'flOw_USA', 'flOw_USA.iso', NULL, 1, 8, NULL),
	(362, 151, 6, 'GameWatchGallery_USA', 'GameWatchGallery_USA.gb', NULL, 1, 5, NULL),
	(363, 258, 14, 'GangsofLondon_USA', 'GangsofLondon_USA.iso', NULL, 1, 8, NULL),
	(364, 258, 14, 'GangsofLondon_USA', 'GangsofLondon_USA.iso', NULL, 1, 8, NULL),
	(365, 259, 14, 'GodofWarChainsofOlympus_EU', 'GodofWarChainsofOlympus_EU.iso', NULL, 2, 8, NULL),
	(366, 260, 14, 'GodofWarGhostofSparta_USA', 'GodofWarGhostofSparta_USA.iso', NULL, 1, 8, NULL),
	(367, 171, 7, 'GoldenSunIILaEdadPerdida_ES', 'GoldenSunIILaEdadPerdida_ES.gba', 1, NULL, 6, NULL),
	(368, 265, 14, 'GranTurismo_EU', 'GranTurismo_EU.iso', NULL, 2, 8, NULL),
	(369, 262, 14, 'GrandTheftAutoChinatownWars_EU', 'GrandTheftAutoChinatownWars_EU.iso', NULL, 2, 8, NULL),
	(370, 263, 14, 'GrandTheftAutoLibertyCity_EU', 'GrandTheftAutoLibertyCity_EU.iso', NULL, 2, 8, NULL),
	(371, 264, 14, 'GrandTheftAutoViceCity_EU', 'GrandTheftAutoViceCity_EU.iso', NULL, 2, 8, NULL),
	(372, 267, 14, 'GTIClub_USA', 'GTIClub_USA.iso', NULL, 1, 8, NULL),
	(373, 184, 8, 'HarryPotterandtheChamberofSecrets_EU', 'HarryPotterandtheChamberofSecrets_EU.gbc', NULL, 2, 7, NULL),
	(374, 343, 15, 'HotWheelsUnleashed_USA', 'HotWheelsUnleashed_USA.nsp', NULL, 1, 10, NULL),
	(375, 268, 14, 'InvizimalsLaotradimension_EU', 'InvizimalsLaotradimension_EU.iso', NULL, 2, 8, NULL),
	(438, 344, 15, 'KeepTalkingandNobodyExplodes_EU', 'KeepTalkingandNobodyExplodes_EU.nsp', NULL, 2, 10, NULL),
	(439, 172, 7, 'KirbyTheAmazingMirror_EU', 'KirbyTheAmazingMirror_EU.gba', NULL, 2, 6, NULL),
	(440, 346, 15, 'Kirbyylatierraolvidada_USA', 'Kirbyylatierraolvidada_USA.nsp', NULL, 1, 10, NULL),
	(441, 152, 6, 'KirbysDreamLand_EU', 'KirbysDreamLand_EU.gb', NULL, 2, 5, NULL),
	(442, 345, 15, 'KirbysReturntoDreamLandDeluxe_EU', 'KirbysReturntoDreamLandDeluxe_EU.nsp', NULL, 2, 10, NULL),
	(443, 348, 15, 'KungFuryStreetRageUltimateEdition_EU', 'KungFuryStreetRageUltimateEdition_EU.nsp', NULL, 2, 10, NULL),
	(444, 349, 15, 'Lego2KDrive_EU', 'Lego2KDrive_EU.nsp', NULL, 2, 10, NULL),
	(445, 269, 14, 'LegoBatman_EU', 'LegoBatman_EU.iso', NULL, 2, 8, NULL),
	(495, 126, 4, 'LegoBatman2DCSuperHeroes_EU', 'LegoBatman2DCSuperHeroes_EU.nds', NULL, 2, 9, NULL),
	(496, 351, 15, 'LegoBricktales_USA', 'LegoBricktales_USA.nds', NULL, 1, 9, NULL),
	(497, 128, 4, 'LegoPiratasdelCaribe_EU', 'LegoPiratasdelCaribe_EU.nds', NULL, 2, 9, NULL),
	(498, 270, 14, 'LegoStarWarsII_EU', 'LegoStarWarsII_EU.iso', NULL, 2, 8, NULL),
	(499, 271, 14, 'LegoStarWarsIII_EU', 'LegoStarWarsIII_EU.iso', NULL, 2, 8, NULL),
	(500, 129, 4, 'LegoStarWarsTheCompleteSaga_EU', 'LegoStarWarsTheCompleteSaga_EU.nds', NULL, 2, 9, NULL),
	(501, 352, 15, 'LegoStarWarsTheSkywalkerSaga_USA', 'LegoStarWarsTheSkywalkerSaga_USA.nsp', NULL, 1, 10, NULL),
	(502, 353, 15, 'LiveaLive_USA', 'LiveaLive_USA.nsp', NULL, 1, 10, NULL),
	(503, 272, 14, 'LocoRoco_EU', 'LocoRoco_EU.iso', NULL, 2, 8, NULL),
	(504, 273, 14, 'LosSims2_EU', 'LosSims2_EU.iso', NULL, 2, 8, NULL),
	(505, 173, 7, 'LosUrbzSimsenlaciudad_EU', 'LosUrbzSimsenlaciudad_EU.gba', NULL, 2, 6, NULL),
	(506, 173, 7, 'LosUrbzSimsenlaciudad_EU', 'LosUrbzSimsenlaciudad_EU.gba', NULL, 2, 6, NULL),
	(507, 354, 15, 'LuigisMansion3_USA', 'LuigisMansion3_USA.nsp', NULL, 1, 10, NULL),
	(508, 274, 14, 'MACH_EU', 'MACH_EU.iso', NULL, 2, 8, NULL),
	(509, 131, 4, 'MarioLuigiPartnersinTime_EU', 'MarioLuigiPartnersinTime_EU.nds', NULL, 2, 9, NULL),
	(510, 361, 15, 'MarioRabbidsSparksofHope_USA', 'MarioRabbidsSparksofHope_USA.xci', NULL, 1, 11, NULL),
	(511, 357, 15, 'MarioGolfSuperRush_USA', 'MarioGolfSuperRush_USA.nsp', NULL, 1, 10, NULL),
	(512, 358, 15, 'MarioKart8Deluxe_EU', 'MarioKart8Deluxe_EU.nsp', NULL, 2, 10, NULL),
	(513, 130, 4, 'MarioKartDS_EU', 'MarioKartDS_EU.nds', NULL, 2, 9, NULL),
	(514, 359, 15, 'MarioPartySuperstars_USA', 'MarioPartySuperstars_USA.nsp', NULL, 1, 10, NULL),
	(515, 363, 15, 'MarioTennisAces_USA', 'MarioTennisAces_USA.nsp', NULL, 1, 10, NULL),
	(516, 174, 7, 'MedabotsMetabee_ES', 'MedabotsMetabee_ES.gba', 1, NULL, 6, NULL),
	(517, 175, 7, 'MedabotsRokusho_ES', 'MedabotsRokusho_ES.gba', 1, NULL, 6, NULL),
	(518, 222, 12, 'Medievil_EU', 'Medievil_EU.chd', NULL, 2, 3, NULL),
	(519, 275, 14, 'MercuryMeltdown_EU', 'MercuryMeltdown_EU.iso', NULL, 2, 8, NULL),
	(520, 364, 15, 'MetroidDread_EU', 'MetroidDread_EU.nsp', NULL, 2, 10, NULL),
	(521, 153, 6, 'MetroidIIReturnofSamus_EU', 'MetroidIIReturnofSamus_EU.gb', NULL, 2, 5, NULL),
	(522, 365, 15, 'MetroidPrimeRemastered_EU', 'MetroidPrimeRemastered_EU.nsp', NULL, 2, 10, NULL),
	(523, 276, 14, 'MidnightClub3DUBEdition_EU', 'MidnightClub3DUBEdition_EU.iso', NULL, 2, 8, NULL),
	(524, 277, 14, 'MidnightClubLARemix_EU', 'MidnightClubLARemix_EU.iso', NULL, 2, 8, NULL),
	(525, 366, 15, 'MinecraftLegends_EU', 'MinecraftLegends_EU.xci', NULL, 2, 11, NULL),
	(526, 278, 14, 'ModNationRacers_EU', 'ModNationRacers_EU.iso', NULL, 2, 8, NULL),
	(527, 279, 14, 'MonopolyMini_EU', 'MonopolyMini_EU.cso', NULL, 2, 4, NULL),
	(528, 280, 14, 'MonsterHunterFreedom_EU', 'MonsterHunterFreedom_EU.iso', NULL, 2, 8, NULL),
	(529, 281, 14, 'MonsterHunterFreedom2_EU', 'MonsterHunterFreedom2_EU.iso', NULL, 2, 8, NULL),
	(530, 282, 14, 'MonsterHunterFreedom3_EU', 'MonsterHunterFreedom3_EU.cso', NULL, 2, 4, NULL),
	(531, 283, 14, 'MonsterHunterFreedomUnite_EU', 'MonsterHunterFreedomUnite_EU.iso', NULL, 2, 8, NULL),
	(532, 367, 15, 'MonsterHunterStories2WingsofRuin_USA', 'MonsterHunterStories2WingsofRuin_USA.nsp', NULL, 1, 10, NULL),
	(533, 284, 14, 'MonsterJamUrbanAssault_EU', 'MonsterJamUrbanAssault_EU.iso', NULL, 2, 8, NULL),
	(626, 285, 14, 'MotorstormArticEdge_EU', 'MotorstormArticEdge_EU.iso', NULL, 2, 8, NULL),
	(627, 286, 14, 'MytranWars_EU', 'MytranWars_EU.iso', NULL, 2, 8, NULL),
	(628, 287, 14, 'NBALive09_EU', 'NBALive09_EU.iso', NULL, 2, 8, NULL),
	(629, 288, 14, 'NeedforSpeedCarbono_USA', 'NeedforSpeedCarbono_USA.iso', NULL, 1, 8, NULL),
	(630, 289, 14, 'NeedforSpeedShift_EU', 'NeedforSpeedShift_EU.iso', NULL, 2, 8, NULL),
	(631, 107, 15, 'NewPokemonSnap_EU', 'NewPokemonSnap_EU.nsp', NULL, 2, 10, NULL),
	(639, 132, 4, 'NewSuperMarioBros_EU', 'NewSuperMarioBros_EU.nds', NULL, 2, 9, NULL),
	(640, 370, 15, 'NewSuperMarioBrosUDeluxe_USA', 'NewSuperMarioBrosUDeluxe_USA.nsp', NULL, 1, 10, NULL),
	(641, 371, 15, 'NexomonExtincion_USA', 'NexomonExtincion_USA.nsp', NULL, 1, 10, NULL),
	(642, 375, 15, 'OctopathTravelerII_EU', 'OctopathTravelerII_EU.xci', NULL, 2, 11, NULL),
	(643, 378, 15, 'OvercookedAllYouCanEat_EU', 'OvercookedAllYouCanEat_EU.nsp', NULL, 2, 10, NULL),
	(644, 154, 6, 'PacMan_USA', 'PacMan_USA.gb', NULL, 1, 5, NULL),
	(645, 379, 15, 'PaperMarioTheOrigamiKing_USA', 'PaperMarioTheOrigamiKing_USA.nsp', NULL, 1, 10, NULL),
	(646, 380, 15, 'Persona3Portable_EU', 'Persona3Portable_EU.nsp', NULL, 2, 10, NULL),
	(647, 381, 15, 'Persona4Golden_EU', 'Persona4Golden_EU.nsp', NULL, 2, 10, NULL),
	(648, 382, 15, 'Persona5Royal_USA', 'Persona5Royal_USA.nsp', NULL, 1, 10, NULL),
	(649, 383, 15, 'Pikmin1_USA', 'Pikmin1_USA.nsp', NULL, 1, 10, NULL),
	(650, 384, 15, 'Pikmin2_USA', 'Pikmin2_USA.nsp', NULL, 1, 10, NULL),
	(651, 385, 15, 'Pikmin3_USA', 'Pikmin3_USA.nsp', NULL, 1, 10, NULL),
	(652, 386, 15, 'PixelCupSoccer_EU', 'PixelCupSoccer_EU.nsp', NULL, 2, 10, NULL),
	(653, 290, 14, 'PlayChapas_ES', 'PlayChapas_ES.iso', 1, NULL, 8, NULL),
	(654, 388, 15, 'PuyoPuyoTetris2_USA', 'PuyoPuyoTetris2_USA.nsp', NULL, 1, 10, NULL),
	(655, 389, 15, 'PuzzleBobbleEverybubble_EU', 'PuzzleBobbleEverybubble_EU.nsp', NULL, 2, 10, NULL),
	(656, 155, 6, 'RType_EU', 'RType_EU.gb', NULL, 2, 5, NULL),
	(657, 223, 12, 'R4RidgeRacerType4_EU', 'R4RidgeRacerType4_EU.chd', NULL, 2, 3, NULL),
	(658, 392, 15, 'RampCarJumping_USA', 'RampCarJumping_USA.nsp', NULL, 1, 10, NULL),
	(659, 185, 8, 'RampageWorldTour_EN', 'RampageWorldTour_EN.gbc', 2, NULL, 7, NULL),
	(660, 224, 12, 'RidgeRacer_EU', 'RidgeRacer_EU.chd', NULL, 2, 3, NULL),
	(661, 224, 14, 'RidgeRacer_EU', 'RidgeRacer_EU.iso', NULL, 2, 8, NULL),
	(662, 291, 14, 'RidgeRacer2_EU', 'RidgeRacer2_EU.iso', NULL, 2, 8, NULL),
	(663, 292, 14, 'RockBandUnplugged_EU', 'RockBandUnplugged_EU.iso', NULL, 2, 8, NULL),
	(664, 134, 4, 'SonicSegaAllStarsRacing_EU', 'SonicSegaAllStarsRacing_EU.nds', NULL, 2, 9, NULL),
	(665, 399, 15, 'Splatoon3_USA', 'Splatoon3_USA.nsp', NULL, 1, 10, NULL),
	(666, 156, 6, 'StarWars_EU', 'StarWars_EU.gb', NULL, 2, 5, NULL),
	(667, 225, 12, 'StreetFighterEXPlusAlpha_EU', 'StreetFighterEXPlusAlpha_EU.chd', NULL, 2, 3, NULL),
	(668, 293, 14, 'StreetSupremacy_EU', 'StreetSupremacy_EU.iso', NULL, 2, 8, NULL),
	(669, 401, 15, 'SuperDungeonMaker_EU', 'SuperDungeonMaker_EU.nsp', NULL, 2, 10, NULL),
	(670, 117, 1, 'SuperMario3DLand_ES', 'SuperMario3DLand_ES.3ds', 1, NULL, 1, NULL),
	(671, 402, 15, 'SuperMario3DWorldBowsersFury_USA', 'SuperMario3DWorldBowsersFury_USA.nsp', NULL, 1, 10, NULL),
	(672, 176, 7, 'SuperMarioBros3SuperMarioAdvance4_EU', 'SuperMarioBros3SuperMarioAdvance4_EU.gba', NULL, 2, 6, NULL),
	(673, 157, 6, 'SuperMarioLand_EN', 'SuperMarioLand_EN.gb', 2, NULL, 5, NULL),
	(674, 158, 6, 'SuperMarioLand26GoldenCoins_EN', 'SuperMarioLand26GoldenCoins_EN.gb', 2, NULL, 5, NULL),
	(675, 404, 15, 'SuperMarioOdyssey_USA', 'SuperMarioOdyssey_USA.nsp', NULL, 1, 10, NULL),
	(676, 405, 15, 'SuperMarioParty_EU', 'SuperMarioParty_EU.nsp', NULL, 2, 10, NULL),
	(677, 177, 7, 'SuperMarioWorldSuperMarioAdvance2_EN', 'SuperMarioWorldSuperMarioAdvance2_EN.gba', 2, NULL, 6, NULL),
	(678, 159, 6, 'SuperRCProAm_EU', 'SuperRCProAm_EU.gb', NULL, 2, 5, NULL),
	(679, 407, 15, 'SuperSmashBros_USA', 'SuperSmashBros_USA.nsp', NULL, 1, 10, NULL),
	(680, 407, 15, 'SuperSmashBros_USA', 'SuperSmashBros_USA.nsp', NULL, 1, 10, NULL),
	(681, 294, 14, 'Tekken6_EU', 'Tekken6_EU.iso', NULL, 2, 8, NULL),
	(682, 295, 14, 'TekkenDarkResurrection_EU', 'TekkenDarkResurrection_EU.iso', NULL, 2, 8, NULL),
	(683, 226, 12, 'Tekken3_EU', 'Tekken3_EU.chd', NULL, 2, 3, NULL),
	(684, 160, 6, 'Tetris_ES', 'Tetris_ES.gb', 1, NULL, 5, NULL),
	(685, 135, 4, 'TetrisDS_EU', 'TetrisDS_EU.nds', NULL, 2, 9, NULL),
	(686, 161, 6, 'TetrisDX_EN', 'TetrisDX_EN.gb', 2, NULL, 5, NULL),
	(687, 296, 14, 'TetrisMini_USA', 'TetrisMini_USA.cso', NULL, 1, 4, NULL),
	(688, 412, 15, 'TheBindingofIsaacRebirth_EU', 'TheBindingofIsaacRebirth_EU.nsp', NULL, 2, 10, NULL),
	(689, 297, 14, 'TheEyeofJudgmentLegends_EU', 'TheEyeofJudgmentLegends_EU.iso', NULL, 2, 8, NULL),
	(690, 227, 12, 'TheLegendofDragoon_ES', 'TheLegendofDragoon_ES.bin', 1, NULL, 2, NULL),
	(691, 227, 12, 'TheLegendofDragoon_USA', 'TheLegendofDragoon_USA.bin', NULL, 1, 2, NULL),
	(692, 162, 6, 'TheLegendofZeldaLinksAwakening_EU', 'TheLegendofZeldaLinksAwakening_EU.gb', NULL, 2, 5, NULL),
	(693, 136, 4, 'TheLegendofZeldaPhantomHourglass_EU', 'TheLegendofZeldaPhantomHourglass_EU.nds', NULL, 2, 9, NULL),
	(694, 415, 15, 'TheLegendofZeldaTearsoftheKingdom_EU', 'TheLegendofZeldaTearsoftheKingdom_EU.xci', NULL, 2, 11, NULL),
	(695, 178, 7, 'TheLostVikings_EU', 'TheLostVikings_EU.gba', NULL, 2, 6, NULL),
	(696, 416, 15, 'TheMageseekerALeagueofLegendsStory_EU', 'TheMageseekerALeagueofLegendsStory_EU.nsp', NULL, 2, 10, NULL),
	(697, 228, 12, 'Tomby_EU', 'Tomby_EU.chd', NULL, 2, 3, NULL),
	(698, 419, 15, 'TriangleStrategy_USA', 'TriangleStrategy_USA.nsp', NULL, 1, 10, NULL),
	(699, 420, 15, 'TrickyTowers_EU', 'TrickyTowers_EU.nsp', NULL, 2, 10, NULL),
	(700, 229, 12, 'TwistedMetal4_EU', 'TwistedMetal4_EU.chd', NULL, 2, 3, NULL),
	(701, 298, 14, 'TwistedMetalHeadOn_EU', 'TwistedMetalHeadOn_EU.iso', NULL, 2, 8, NULL),
	(702, 186, 8, 'Uno_EN', 'Uno_EN.gbc', 2, NULL, 7, NULL),
	(703, 299, 14, 'UnoMini_USA', 'UnoMini_USA.iso', NULL, 1, 8, NULL),
	(704, 179, 7, 'VRally3_EU', 'VRally3_EU.gba', NULL, 2, 6, NULL),
	(705, 300, 14, 'Warhammer40000SquadCommand_EU', 'Warhammer40000SquadCommand_EU.iso', NULL, 2, 8, NULL),
	(706, 187, 8, 'WarioLand3_ES', 'WarioLand3_ES.gbc', 1, NULL, 7, NULL),
	(707, 180, 7, 'WarioLand4_EN', 'WarioLand4_EN.gba', 2, NULL, 6, NULL),
	(708, 163, 6, 'WarioLandSuperMarioLand3_EN', 'WarioLandSuperMarioLand3_EN.gb', 2, NULL, 5, NULL),
	(709, 137, 4, 'WarioWareTouched_EU', 'WarioWareTouched_EU.nds', NULL, 2, 9, NULL),
	(710, 181, 7, 'WarioWareIncMegaMicrogames_EU', 'WarioWareIncMegaMicrogames_EU.gba', NULL, 2, 6, NULL),
	(711, 301, 14, 'WipeoutPulse_EU', 'WipeoutPulse_EU.cso', NULL, 2, 4, NULL),
	(712, 302, 14, 'WipeoutPure_EU', 'WipeoutPure_EU.iso', NULL, 2, 8, NULL),
	(713, 230, 12, 'WipeoutXL_USA', 'WipeoutXL_USA.chd', NULL, 1, 3, NULL),
	(714, 164, 6, 'Worms_EN', 'Worms_EN.gb', 2, NULL, 5, NULL),
	(715, 303, 14, 'WRC_EU', 'WRC_EU.iso', NULL, 2, 8, NULL),
	(716, 426, 15, 'XenobladeChronicles_USA', 'XenobladeChronicles_USA.nsp', NULL, 1, 10, NULL),
	(717, 427, 15, 'XenobladeChronicles2_USA', 'XenobladeChronicles2_USA.nsp', NULL, 1, 10, NULL),
	(718, 428, 15, 'XenobladeChronicles2TornaTheGoldenCountry_USA', 'XenobladeChronicles2TornaTheGoldenCountry_USA.nsp', NULL, 1, 10, NULL),
	(719, 429, 15, 'XenobladeChronicles3_USA', 'XenobladeChronicles3_USA.nsp', NULL, 1, 10, NULL),
	(720, 431, 15, 'YoshisCraftedWorld_USA', 'YoshisCraftedWorld_USA.nsp', NULL, 1, 10, NULL),
	(721, 182, 7, 'YoshisIslandSuperMarioAdvance3_EU', 'YoshisIslandSuperMarioAdvance3_EU.gba', NULL, 2, 6, NULL),
	(722, 183, 7, 'YoshisUniversalGravitation_EU', 'YoshisUniversalGravitation_EU.gba', NULL, 2, 6, NULL),
	(723, 188, 8, 'YuGiOhDueloenlasTinieblas_ES', 'YuGiOhDueloenlasTinieblas_ES.gbc', 1, NULL, 7, NULL),
	(724, 304, 14, 'YuGiOhGXTagForce_EU', 'YuGiOhGXTagForce_EU.iso', NULL, 2, 8, NULL),
	(725, 305, 14, 'YuGiOhGXTagForce3_EU', 'YuGiOhGXTagForce3_EU.iso', NULL, 2, 8, NULL),
	(726, 127, 4, 'LegoElSeordelosAnillos_EU', 'LegoElSeordelosAnillos_EU.nds', NULL, 2, 9, NULL),
	(727, 133, 4, 'NintendogsLabradoryCompaia_EU', 'NintendogsLabradoryCompaia_EU.nds', NULL, 2, 9, NULL),
	(728, 8, 8, 'PokemonAmarillo_ES', 'PokemonAmarillo_ES.gbc', 1, NULL, 7, NULL),
	(729, 111, 15, 'PokemonArceus_EU', 'PokemonArceus_EU.nsp', NULL, 2, 10, NULL),
	(730, 4, 6, 'PokemonAzul_ES', 'PokemonAzul_ES.gb', 1, NULL, 5, NULL),
	(731, 53, 4, 'PokemonBlanco_EU', 'PokemonBlanco_EU.nds', NULL, 2, 9, NULL),
	(732, 18, 8, 'PokemonCristal_ES', 'PokemonCristal_ES.gbc', 1, NULL, 7, NULL),
	(733, 35, 4, 'PokemonDiamante_EU', 'PokemonDiamante_EU.nds', NULL, 2, 9, NULL),
	(734, 109, 15, 'PokemonDiamanteBrillante_EU', 'PokemonDiamanteBrillante_EU.nsp', NULL, 2, 10, NULL),
	(735, 112, 15, 'PokemonEscarlata_EU', 'PokemonEscarlata_EU.xci', NULL, 2, 11, NULL),
	(736, 101, 15, 'PokemonEscudo_EU', 'PokemonEscudo_EU.nsp', NULL, 2, 10, NULL),
	(737, 28, 7, 'PokemonEsmeralda_ES', 'PokemonEsmeralda_ES.gba', 1, NULL, 6, NULL),
	(738, 102, 15, 'PokemonEspada_EU', 'PokemonEspada_EU.nsp', NULL, 2, 10, NULL),
	(739, 98, 15, 'PokemonLetsGoEevee_EU', 'PokemonLetsGoEevee_EU.nsp', NULL, 2, 10, NULL),
	(740, 99, 15, 'PokemonLetsGoPikachu_EU', 'PokemonLetsGoPikachu_EU.nsp', NULL, 2, 10, NULL),
	(741, 63, 4, 'PokemonNegro2_EU', 'PokemonNegro2_EU.nds', NULL, 2, 9, NULL),
	(742, 13, 8, 'PokemonOro_ES', 'PokemonOro_ES.gbc', 1, NULL, 7, NULL),
	(743, 36, 4, 'PokemonPerla_EU', 'PokemonPerla_EU.nds', NULL, 2, 9, NULL),
	(744, 110, 15, 'PokemonPerlaReluciente_EU', 'PokemonPerlaReluciente_EU.nsp', NULL, 2, 10, NULL),
	(745, 10, 8, 'PokemonPinball_EU', 'PokemonPinball_EU.gbc', NULL, 2, 7, NULL),
	(746, 21, 7, 'PokemonPinballRubiyZafiro_EU', 'PokemonPinballRubiyZafiro_EU.gba', NULL, 2, 6, NULL),
	(747, 14, 8, 'PokemonPlata_ES', 'PokemonPlata_ES.gbc', 1, NULL, 7, NULL),
	(748, 43, 4, 'PokemonPlatino_EU', 'PokemonPlatino_EU.nds', NULL, 2, 9, NULL),
	(749, 113, 15, 'PokemonPurpura_EU', 'PokemonPurpura_EU.xci', NULL, 2, 11, NULL),
	(750, 16, 8, 'PokemonPuzzleChallenge_EN', 'PokemonPuzzleChallenge_EN.gbc', 2, NULL, 7, NULL),
	(751, 5, 6, 'PokemonRojo_ES', 'PokemonRojo_ES.gb', 1, NULL, 5, NULL),
	(752, 25, 7, 'PokemonRojoFuego_ES', 'PokemonRojoFuego_ES.gba', 1, NULL, 6, NULL),
	(753, 19, 7, 'PokemonRubi_ES', 'PokemonRubi_ES.gba', 1, NULL, 6, NULL),
	(754, 50, 4, 'PokemonSoulSilver_EU', 'PokemonSoulSilver_EU.nds', NULL, 2, 9, NULL),
	(755, 12, 8, 'PokemonTradingCardGame_EU', 'PokemonTradingCardGame_EU.gbc', NULL, 2, 7, NULL),
	(756, 2, 6, 'PokemonVerde_JP', 'PokemonVerde_JP.gb', 6, NULL, 5, NULL),
	(757, 26, 7, 'PokemonVerdeHoja_ES', 'PokemonVerdeHoja_ES.gba', 1, NULL, 6, NULL),
	(758, 20, 7, 'PokemonZafiro_ES', 'PokemonZafiro_ES.gba', 1, NULL, 6, NULL),
	(759, 441, 15, 'SouthParkTheStickofTruth_EU', 'SouthParkTheStickofTruth_EU.nsp', NULL, 2, 10, NULL),
	(760, 442, 15, 'Pikmin4_EU', 'Pikmin4_EU.xci', NULL, 2, 11, '2023-07-24');

-- Volcando estructura para tabla coleccion.TIENDA
CREATE TABLE IF NOT EXISTS `TIENDA` (
  `ID` int(11) NOT NULL AUTO_INCREMENT,
  `NOMBRE` varchar(50) NOT NULL,
  PRIMARY KEY (`ID`) USING BTREE
) ENGINE=InnoDB AUTO_INCREMENT=13 DEFAULT CHARSET=utf8;

-- Volcando datos para la tabla coleccion.TIENDA: ~8 rows (aproximadamente)
DELETE FROM `TIENDA`;
INSERT INTO `TIENDA` (`ID`, `NOMBRE`) VALUES
	(1, 'Amazon'),
	(2, 'Amazon JP'),
	(3, 'Carrefour'),
	(4, 'eShop'),
	(5, 'Game'),
	(6, 'Gamemas Santander'),
	(7, 'MediaMarkt'),
	(8, 'Nintendo Store'),
	(9, 'Wakkap'),
	(10, 'Worten'),
	(11, 'Wallapop'),
	(12, 'Steam');

-- Volcando estructura para tabla coleccion.TIPO_ROM
CREATE TABLE IF NOT EXISTS `TIPO_ROM` (
  `ID` int(11) NOT NULL AUTO_INCREMENT,
  `EXTENSION` varchar(50) NOT NULL,
  PRIMARY KEY (`ID`) USING BTREE
) ENGINE=InnoDB AUTO_INCREMENT=12 DEFAULT CHARSET=utf8;

-- Volcando datos para la tabla coleccion.TIPO_ROM: ~11 rows (aproximadamente)
DELETE FROM `TIPO_ROM`;
INSERT INTO `TIPO_ROM` (`ID`, `EXTENSION`) VALUES
	(1, '3ds'),
	(2, 'bin'),
	(3, 'chd'),
	(4, 'cso'),
	(5, 'gb'),
	(6, 'gba'),
	(7, 'gbc'),
	(8, 'iso'),
	(9, 'nds'),
	(10, 'nsp'),
	(11, 'xci');

-- Volcando estructura para vista coleccion.V_COLECCION_POKE
-- Creando tabla temporal para superar errores de dependencia de VIEW
CREATE TABLE `V_COLECCION_POKE` (
	`ID` INT(11) NOT NULL,
	`Plataforma` VARCHAR(255) NULL COLLATE 'utf8_general_ci',
	`Saga` VARCHAR(255) NULL COLLATE 'utf8_general_ci',
	`Juego` VARCHAR(255) NOT NULL COLLATE 'utf8_general_ci',
	`Idioma` VARCHAR(50) NULL COLLATE 'utf8_general_ci',
	`Region` VARCHAR(50) NULL COLLATE 'utf8_general_ci',
	`EstadoGen` VARCHAR(50) NOT NULL COLLATE 'utf8_general_ci',
	`EstadoCaj` VARCHAR(50) NOT NULL COLLATE 'utf8_general_ci',
	`Compra` DATE NULL,
	`Recibido` DATE NULL,
	`Coste` DECIMAL(20,6) NULL,
	`Tienda` VARCHAR(50) NULL COLLATE 'utf8_general_ci',
	`Notas` VARCHAR(500) NULL COLLATE 'utf8_general_ci'
) ENGINE=MyISAM;

-- Volcando estructura para disparador coleccion.SET_CODIGO_JUEGO_ON_INSERT
SET @OLDTMP_SQL_MODE=@@SQL_MODE, SQL_MODE='STRICT_TRANS_TABLES,ERROR_FOR_DIVISION_BY_ZERO,NO_AUTO_CREATE_USER,NO_ENGINE_SUBSTITUTION';
DELIMITER //
CREATE TRIGGER SET_CODIGO_JUEGO_ON_INSERT
BEFORE INSERT ON JUEGO
FOR EACH ROW
BEGIN
	SET NEW.CODIGO = REGEXP_REPLACE(
		REPLACE(
			REPLACE(
				REPLACE(
					REPLACE(
						REPLACE(
							NEW.NOMBRE, 'ú', 'u'
						), 'ó', 'o'
					), 'í', 'i'
				), 'é', 'e'
			), 'á', 'a'
		), '[^a-zA-Z0-9]', ''
	);
END//
DELIMITER ;
SET SQL_MODE=@OLDTMP_SQL_MODE;

-- Volcando estructura para disparador coleccion.SET_CODIGO_JUEGO_ON_UPDATE
SET @OLDTMP_SQL_MODE=@@SQL_MODE, SQL_MODE='STRICT_TRANS_TABLES,ERROR_FOR_DIVISION_BY_ZERO,NO_AUTO_CREATE_USER,NO_ENGINE_SUBSTITUTION';
DELIMITER //
CREATE TRIGGER SET_CODIGO_JUEGO_ON_UPDATE
BEFORE UPDATE ON JUEGO
FOR EACH ROW
BEGIN
	SET NEW.CODIGO = REGEXP_REPLACE(
		REPLACE(
			REPLACE(
				REPLACE(
					REPLACE(
						REPLACE(
							NEW.NOMBRE, 'ú', 'u'
						), 'ó', 'o'
					), 'í', 'i'
				), 'é', 'e'
			), 'á', 'a'
		), '[^a-zA-Z0-9]', ''
	);
END//
DELIMITER ;
SET SQL_MODE=@OLDTMP_SQL_MODE;

-- Volcando estructura para disparador coleccion.SET_NOMBRE_ROM_ON_INSERT
SET @OLDTMP_SQL_MODE=@@SQL_MODE, SQL_MODE='STRICT_TRANS_TABLES,ERROR_FOR_DIVISION_BY_ZERO,NO_AUTO_CREATE_USER,NO_ENGINE_SUBSTITUTION';
DELIMITER //
CREATE TRIGGER `SET_NOMBRE_ROM_ON_INSERT` BEFORE INSERT ON `ROM` FOR EACH ROW BEGIN
	SET NEW.NOMBRE_ROM_EXT = CONCAT(
		(SELECT CODIGO FROM JUEGO WHERE ID = NEW.JUEGO_ID),
		COALESCE(CONCAT('_', (SELECT CORTO FROM IDIOMA WHERE ID = NEW.IDIOMA_ID)), ''),
		COALESCE(CONCAT('_', (SELECT CORTO FROM REGION WHERE ID = NEW.REGION_ID)), ''),
		COALESCE(CONCAT('.', (SELECT EXTENSION FROM TIPO_ROM WHERE ID = NEW.TIPO_ROM_ID)), '')
	);
	
	SET NEW.NOMBRE_ROM = CONCAT(
		(SELECT CODIGO FROM JUEGO WHERE ID = NEW.JUEGO_ID),
		COALESCE(CONCAT('_', (SELECT CORTO FROM IDIOMA WHERE ID = NEW.IDIOMA_ID)), ''),
		COALESCE(CONCAT('_', (SELECT CORTO FROM REGION WHERE ID = NEW.REGION_ID)), '')
	);
END//
DELIMITER ;
SET SQL_MODE=@OLDTMP_SQL_MODE;

-- Volcando estructura para disparador coleccion.SET_NOMBRE_ROM_ON_UPDATE
SET @OLDTMP_SQL_MODE=@@SQL_MODE, SQL_MODE='STRICT_TRANS_TABLES,ERROR_FOR_DIVISION_BY_ZERO,NO_AUTO_CREATE_USER,NO_ENGINE_SUBSTITUTION';
DELIMITER //
CREATE TRIGGER `SET_NOMBRE_ROM_ON_UPDATE` BEFORE UPDATE ON `ROM` FOR EACH ROW BEGIN
	SET NEW.NOMBRE_ROM_EXT = CONCAT(
		(SELECT CODIGO FROM JUEGO WHERE ID = NEW.JUEGO_ID),
		COALESCE(CONCAT('_', (SELECT CORTO FROM IDIOMA WHERE ID = NEW.IDIOMA_ID)), ''),
		COALESCE(CONCAT('_', (SELECT CORTO FROM REGION WHERE ID = NEW.REGION_ID)), ''),
		COALESCE(CONCAT('.', (SELECT EXTENSION FROM TIPO_ROM WHERE ID = NEW.TIPO_ROM_ID)), '')
	);
	
	SET NEW.NOMBRE_ROM = CONCAT(
		(SELECT CODIGO FROM JUEGO WHERE ID = NEW.JUEGO_ID),
		COALESCE(CONCAT('_', (SELECT CORTO FROM IDIOMA WHERE ID = NEW.IDIOMA_ID)), ''),
		COALESCE(CONCAT('_', (SELECT CORTO FROM REGION WHERE ID = NEW.REGION_ID)), '')
	);
END//
DELIMITER ;
SET SQL_MODE=@OLDTMP_SQL_MODE;

-- Volcando estructura para vista coleccion.V_COLECCION_POKE
-- Eliminando tabla temporal y crear estructura final de VIEW
DROP TABLE IF EXISTS `V_COLECCION_POKE`;
CREATE ALGORITHM=UNDEFINED SQL SECURITY DEFINER VIEW `V_COLECCION_POKE` AS select `c`.`ID` AS `ID`,coalesce(`p`.`CORTO`,`p`.`NOMBRE`) AS `Plataforma`,`j`.`SAGA` AS `Saga`,`j`.`NOMBRE` AS `Juego`,`i`.`CORTO` AS `Idioma`,`r`.`CORTO` AS `Region`,`eg`.`DESCRIPCION` AS `EstadoGen`,`ec`.`DESCRIPCION` AS `EstadoCaj`,`c`.`FECHA_COMPRA` AS `Compra`,`c`.`FECHA_RECIBO` AS `Recibido`,`c`.`COSTE` AS `Coste`,`t`.`NOMBRE` AS `Tienda`,`c`.`NOTAS` AS `Notas` from (((((((`COLECCION` `c` join `PLATAFORMA` `p` on(`p`.`ID` = `c`.`PLATAFORMA_ID`)) join `JUEGO` `j` on(`j`.`ID` = `c`.`JUEGO_ID`)) left join `IDIOMA` `i` on(`i`.`ID` = `c`.`IDIOMA_ID`)) left join `REGION` `r` on(`r`.`ID` = `c`.`REGION_ID`)) join `ESTADO` `eg` on(`eg`.`ID` = `c`.`ESTADO_GENERAL_ID`)) join `ESTADO` `ec` on(`ec`.`ID` = `c`.`ESTADO_CAJA_ID`)) left join `TIENDA` `t` on(`t`.`ID` = `c`.`TIENDA_ID`)) order by `p`.`NOMBRE`,case when `j`.`SAGA` = 'Pokémon' then `j`.`FECHA_SALIDA` else 1 end,`j`.`NOMBRE`;

/*!40103 SET TIME_ZONE=IFNULL(@OLD_TIME_ZONE, 'system') */;
/*!40101 SET SQL_MODE=IFNULL(@OLD_SQL_MODE, '') */;
/*!40014 SET FOREIGN_KEY_CHECKS=IFNULL(@OLD_FOREIGN_KEY_CHECKS, 1) */;
/*!40101 SET CHARACTER_SET_CLIENT=@OLD_CHARACTER_SET_CLIENT */;
/*!40111 SET SQL_NOTES=IFNULL(@OLD_SQL_NOTES, 1) */;
